simulation_id,selector,share_of_truth_uncovered,ratio_total_select_coeffs_true_coeffs,false_pos_share_true_support,false_pos_share_right_selection,linear_effect_coverage
0,boruta_selector,0.14285714285714285,0.14285714285714285,0.0,0.0,0.45454545454545453
0,univariate_feature_selection,0.987012987012987,1.12987012987013,0.14285714285714285,0.14473684210526316,0.9310344827586207
0,lasso_feature_selection,0.025974025974025976,0.03896103896103896,0.012987012987012988,0.5,0.0
0,adaptive_lasso_tuned,0.922077922077922,0.922077922077922,0.0,0.0,0.8450704225352113
1,boruta_selector,0.10526315789473684,0.10526315789473684,0.0,0.0,0.375
1,univariate_feature_selection,1.0,1.144736842105263,0.14473684210526316,0.14473684210526316,0.9655172413793104
1,lasso_feature_selection,0.02631578947368421,0.039473684210526314,0.013157894736842105,0.5,0.0
1,adaptive_lasso_tuned,0.8947368421052632,0.8947368421052632,0.0,0.0,0.7205882352941176
2,boruta_selector,0.14864864864864866,0.14864864864864866,0.0,0.0,0.36363636363636365
2,univariate_feature_selection,0.972972972972973,1.162162162162162,0.1891891891891892,0.19444444444444445,0.8837209302325582
2,lasso_feature_selection,0.02702702702702703,0.04054054054054054,0.013513513513513514,0.5,0.0
2,adaptive_lasso_tuned,0.9324324324324325,0.9324324324324325,0.0,0.0,0.6956521739130435
3,boruta_selector,0.1506849315068493,0.1643835616438356,0.0136986301369863,0.09090909090909091,0.25
3,univariate_feature_selection,0.9863013698630136,1.1917808219178083,0.2054794520547945,0.20833333333333334,0.9425287356321839
3,lasso_feature_selection,0.0273972602739726,0.0410958904109589,0.0136986301369863,0.5,0.0
3,adaptive_lasso_tuned,0.9863013698630136,0.9863013698630136,0.0,0.0,0.875
4,boruta_selector,0.0945945945945946,0.12162162162162163,0.02702702702702703,0.2857142857142857,0.2222222222222222
4,univariate_feature_selection,1.0,1.1756756756756757,0.17567567567567569,0.17567567567567569,0.9425287356321839
4,lasso_feature_selection,0.02702702702702703,0.04054054054054054,0.013513513513513514,0.5,0.0
4,adaptive_lasso_tuned,0.9594594594594594,0.9594594594594594,0.0,0.0,0.8591549295774648
5,boruta_selector,0.0945945945945946,0.0945945945945946,0.0,0.0,0.0
5,univariate_feature_selection,0.9864864864864865,1.1756756756756757,0.1891891891891892,0.1917808219178082,0.9655172413793104
5,lasso_feature_selection,0.02702702702702703,0.04054054054054054,0.013513513513513514,0.5,0.0
5,adaptive_lasso_tuned,0.9594594594594594,0.9594594594594594,0.0,0.0,0.8591549295774648
6,boruta_selector,0.136986301369863,0.1506849315068493,0.0136986301369863,0.1,0.36363636363636365
6,univariate_feature_selection,0.9863013698630136,1.1917808219178083,0.2054794520547945,0.20833333333333334,0.8045977011494253
6,lasso_feature_selection,0.0136986301369863,0.0547945205479452,0.0410958904109589,3.0,0.25
6,adaptive_lasso_tuned,0.9452054794520548,0.9452054794520548,0.0,0.0,0.8840579710144928
7,boruta_selector,0.1038961038961039,0.1038961038961039,0.0,0.0,0.25
7,univariate_feature_selection,0.987012987012987,1.12987012987013,0.14285714285714285,0.14473684210526316,0.735632183908046
7,lasso_feature_selection,0.025974025974025976,0.03896103896103896,0.012987012987012988,0.5,0.0
7,adaptive_lasso_tuned,0.948051948051948,0.948051948051948,0.0,0.0,0.7671232876712328
8,boruta_selector,0.07692307692307693,0.08974358974358974,0.01282051282051282,0.16666666666666666,0.2857142857142857
8,univariate_feature_selection,0.9871794871794872,1.1153846153846154,0.1282051282051282,0.12987012987012986,0.9195402298850575
8,lasso_feature_selection,0.02564102564102564,0.038461538461538464,0.01282051282051282,0.5,0.0
8,adaptive_lasso_tuned,0.9871794871794872,1.0,0.01282051282051282,0.012987012987012988,0.8589743589743589
9,boruta_selector,0.11688311688311688,0.12987012987012986,0.012987012987012988,0.1111111111111111,0.2
9,univariate_feature_selection,1.0,1.12987012987013,0.12987012987012986,0.12987012987012986,0.9425287356321839
9,lasso_feature_selection,0.025974025974025976,0.03896103896103896,0.012987012987012988,0.5,0.0
9,adaptive_lasso_tuned,0.987012987012987,1.0,0.012987012987012988,0.013157894736842105,0.8961038961038961
10,boruta_selector,0.16216216216216217,0.17567567567567569,0.013513513513513514,0.08333333333333333,0.46153846153846156
10,univariate_feature_selection,0.9864864864864865,1.1756756756756757,0.1891891891891892,0.1917808219178082,0.8735632183908046
10,lasso_feature_selection,0.02702702702702703,0.04054054054054054,0.013513513513513514,0.5,0.0
10,adaptive_lasso_tuned,0.8918918918918919,0.8918918918918919,0.0,0.0,0.7575757575757576
11,boruta_selector,0.14864864864864866,0.14864864864864866,0.0,0.0,0.5454545454545454
11,univariate_feature_selection,0.9864864864864865,1.1756756756756757,0.1891891891891892,0.1917808219178082,0.8735632183908046
11,lasso_feature_selection,0.02702702702702703,0.04054054054054054,0.013513513513513514,0.5,0.0
11,adaptive_lasso_tuned,0.9459459459459459,0.9459459459459459,0.0,0.0,0.8
12,boruta_selector,0.09210526315789473,0.10526315789473684,0.013157894736842105,0.14285714285714285,0.25
12,univariate_feature_selection,0.9868421052631579,1.144736842105263,0.15789473684210525,0.16,0.9080459770114943
12,lasso_feature_selection,0.02631578947368421,0.039473684210526314,0.013157894736842105,0.5,0.0
12,adaptive_lasso_tuned,0.9473684210526315,0.9473684210526315,0.0,0.0,0.8472222222222222
13,boruta_selector,0.09090909090909091,0.09090909090909091,0.0,0.0,0.2857142857142857
13,univariate_feature_selection,1.0,1.12987012987013,0.12987012987012986,0.12987012987012986,0.9425287356321839
13,lasso_feature_selection,0.025974025974025976,0.03896103896103896,0.012987012987012988,0.5,0.0
13,adaptive_lasso_tuned,0.948051948051948,0.948051948051948,0.0,0.0,0.821917808219178
14,boruta_selector,0.10666666666666667,0.10666666666666667,0.0,0.0,0.25
14,univariate_feature_selection,0.9333333333333333,1.0933333333333333,0.16,0.17142857142857143,0.7195121951219512
14,lasso_feature_selection,0.02666666666666667,0.04,0.013333333333333334,0.5,0.0
14,adaptive_lasso_tuned,0.9466666666666667,0.9466666666666667,0.0,0.0,0.7746478873239436
15,boruta_selector,0.1125,0.1125,0.0,0.0,0.5555555555555556
15,univariate_feature_selection,1.0,1.0875,0.0875,0.0875,0.9770114942528736
15,lasso_feature_selection,0.025,0.0375,0.0125,0.5,0.0
15,adaptive_lasso_tuned,0.9625,0.9625,0.0,0.0,0.8961038961038961
16,boruta_selector,0.09090909090909091,0.1038961038961039,0.012987012987012988,0.14285714285714285,0.375
16,univariate_feature_selection,0.987012987012987,1.12987012987013,0.14285714285714285,0.14473684210526316,0.8620689655172413
16,lasso_feature_selection,0.025974025974025976,0.03896103896103896,0.012987012987012988,0.5,0.3333333333333333
16,adaptive_lasso_tuned,0.961038961038961,0.961038961038961,0.0,0.0,0.8648648648648649
17,boruta_selector,0.12162162162162163,0.12162162162162163,0.0,0.0,0.4444444444444444
17,univariate_feature_selection,0.9864864864864865,1.1756756756756757,0.1891891891891892,0.1917808219178082,0.7701149425287356
17,lasso_feature_selection,0.013513513513513514,0.04054054054054054,0.02702702702702703,2.0,0.0
17,adaptive_lasso_tuned,0.972972972972973,0.972972972972973,0.0,0.0,0.875
18,boruta_selector,0.14473684210526316,0.15789473684210525,0.013157894736842105,0.09090909090909091,0.5
18,univariate_feature_selection,0.9868421052631579,1.144736842105263,0.15789473684210525,0.16,0.9080459770114943
18,lasso_feature_selection,0.02631578947368421,0.039473684210526314,0.013157894736842105,0.5,0.0
18,adaptive_lasso_tuned,0.9210526315789473,0.9210526315789473,0.0,0.0,0.6571428571428571
19,boruta_selector,0.13333333333333333,0.14666666666666667,0.013333333333333334,0.1,0.45454545454545453
19,univariate_feature_selection,0.9866666666666667,1.16,0.17333333333333334,0.17567567567567569,0.9425287356321839
19,lasso_feature_selection,0.02666666666666667,0.04,0.013333333333333334,0.5,0.0
19,adaptive_lasso_tuned,0.92,0.92,0.0,0.0,0.6811594202898551
20,boruta_selector,0.11688311688311688,0.12987012987012986,0.012987012987012988,0.1111111111111111,0.4
20,univariate_feature_selection,0.987012987012987,1.12987012987013,0.14285714285714285,0.14473684210526316,0.9310344827586207
20,lasso_feature_selection,0.025974025974025976,0.03896103896103896,0.012987012987012988,0.5,0.0
20,adaptive_lasso_tuned,0.987012987012987,0.987012987012987,0.0,0.0,0.8947368421052632
21,boruta_selector,0.1038961038961039,0.11688311688311688,0.012987012987012988,0.125,0.3333333333333333
21,univariate_feature_selection,0.987012987012987,1.12987012987013,0.14285714285714285,0.14473684210526316,0.6896551724137931
21,lasso_feature_selection,0.025974025974025976,0.03896103896103896,0.012987012987012988,0.5,0.0
21,adaptive_lasso_tuned,0.987012987012987,1.0,0.012987012987012988,0.013157894736842105,0.8311688311688312
22,boruta_selector,0.18181818181818182,0.19480519480519481,0.012987012987012988,0.07142857142857142,0.3333333333333333
22,univariate_feature_selection,0.987012987012987,1.12987012987013,0.14285714285714285,0.14473684210526316,0.7931034482758621
22,lasso_feature_selection,0.025974025974025976,0.03896103896103896,0.012987012987012988,0.5,0.0
22,adaptive_lasso_tuned,0.961038961038961,0.961038961038961,0.0,0.0,0.8783783783783784
23,boruta_selector,0.11688311688311688,0.11688311688311688,0.0,0.0,0.3333333333333333
23,univariate_feature_selection,0.987012987012987,1.12987012987013,0.14285714285714285,0.14473684210526316,0.9885057471264368
23,lasso_feature_selection,0.025974025974025976,0.03896103896103896,0.012987012987012988,0.5,0.0
23,adaptive_lasso_tuned,0.974025974025974,0.974025974025974,0.0,0.0,0.8933333333333333
24,boruta_selector,0.1282051282051282,0.16666666666666666,0.038461538461538464,0.3,0.38461538461538464
24,univariate_feature_selection,0.9871794871794872,1.1153846153846154,0.1282051282051282,0.12987012987012986,0.9425287356321839
24,lasso_feature_selection,0.02564102564102564,0.038461538461538464,0.01282051282051282,0.5,0.0
24,adaptive_lasso_tuned,0.8974358974358975,0.8974358974358975,0.0,0.0,0.8
25,boruta_selector,0.14102564102564102,0.14102564102564102,0.0,0.0,0.36363636363636365
25,univariate_feature_selection,0.9871794871794872,1.1153846153846154,0.1282051282051282,0.12987012987012986,0.8390804597701149
25,lasso_feature_selection,0.02564102564102564,0.038461538461538464,0.01282051282051282,0.5,0.0
25,adaptive_lasso_tuned,0.9743589743589743,0.9743589743589743,0.0,0.0,0.8947368421052632
26,boruta_selector,0.08333333333333333,0.125,0.041666666666666664,0.5,0.2222222222222222
26,univariate_feature_selection,1.0,1.2083333333333333,0.20833333333333334,0.20833333333333334,0.8390804597701149
26,lasso_feature_selection,0.027777777777777776,0.041666666666666664,0.013888888888888888,0.5,0.0
26,adaptive_lasso_tuned,0.9444444444444444,0.9444444444444444,0.0,0.0,0.8235294117647058
27,boruta_selector,0.14705882352941177,0.17647058823529413,0.029411764705882353,0.2,0.4166666666666667
27,univariate_feature_selection,0.9852941176470589,1.2794117647058822,0.29411764705882354,0.29850746268656714,0.9540229885057471
27,lasso_feature_selection,0.029411764705882353,0.04411764705882353,0.014705882352941176,0.5,0.0
27,adaptive_lasso_tuned,0.9705882352941176,0.9705882352941176,0.0,0.0,0.8636363636363636
28,boruta_selector,0.14666666666666667,0.16,0.013333333333333334,0.09090909090909091,0.4166666666666667
28,univariate_feature_selection,0.9866666666666667,1.16,0.17333333333333334,0.17567567567567569,0.9540229885057471
28,lasso_feature_selection,0.02666666666666667,0.04,0.013333333333333334,0.5,0.0
28,adaptive_lasso_tuned,0.9466666666666667,0.9466666666666667,0.0,0.0,0.8450704225352113
29,boruta_selector,0.11538461538461539,0.1282051282051282,0.01282051282051282,0.1111111111111111,0.3
29,univariate_feature_selection,0.9871794871794872,1.1153846153846154,0.1282051282051282,0.12987012987012986,0.7471264367816092
29,lasso_feature_selection,0.02564102564102564,0.038461538461538464,0.01282051282051282,0.5,0.0
29,adaptive_lasso_tuned,0.9871794871794872,0.9871794871794872,0.0,0.0,0.8961038961038961
30,boruta_selector,0.14666666666666667,0.14666666666666667,0.0,0.0,0.45454545454545453
30,univariate_feature_selection,0.9866666666666667,1.16,0.17333333333333334,0.17567567567567569,0.735632183908046
30,lasso_feature_selection,0.02666666666666667,0.05333333333333334,0.02666666666666667,1.0,0.25
30,adaptive_lasso_tuned,0.9466666666666667,0.96,0.013333333333333334,0.014084507042253521,0.8611111111111112
31,boruta_selector,0.11538461538461539,0.11538461538461539,0.0,0.0,0.3333333333333333
31,univariate_feature_selection,1.0,1.1153846153846154,0.11538461538461539,0.11538461538461539,0.9425287356321839
31,lasso_feature_selection,0.02564102564102564,0.038461538461538464,0.01282051282051282,0.5,0.0
31,adaptive_lasso_tuned,0.9230769230769231,0.9230769230769231,0.0,0.0,0.7361111111111112
32,boruta_selector,0.13333333333333333,0.13333333333333333,0.0,0.0,0.4
32,univariate_feature_selection,0.9866666666666667,1.16,0.17333333333333334,0.17567567567567569,0.7701149425287356
32,lasso_feature_selection,0.02666666666666667,0.04,0.013333333333333334,0.5,0.0
32,adaptive_lasso_tuned,0.9733333333333334,0.9733333333333334,0.0,0.0,0.8904109589041096
33,boruta_selector,0.13333333333333333,0.14666666666666667,0.013333333333333334,0.1,0.18181818181818182
33,univariate_feature_selection,0.9866666666666667,1.16,0.17333333333333334,0.17567567567567569,0.8850574712643678
33,lasso_feature_selection,0.02666666666666667,0.04,0.013333333333333334,0.5,0.0
33,adaptive_lasso_tuned,0.92,0.9333333333333333,0.013333333333333334,0.014492753623188406,0.7714285714285715
34,boruta_selector,0.1388888888888889,0.1388888888888889,0.0,0.0,0.5
34,univariate_feature_selection,0.9861111111111112,1.2083333333333333,0.2222222222222222,0.22535211267605634,0.8735632183908046
34,lasso_feature_selection,0.027777777777777776,0.041666666666666664,0.013888888888888888,0.5,0.0
34,adaptive_lasso_tuned,0.9722222222222222,0.9722222222222222,0.0,0.0,0.8857142857142857
35,boruta_selector,0.1038961038961039,0.1038961038961039,0.0,0.0,0.375
35,univariate_feature_selection,0.987012987012987,1.12987012987013,0.14285714285714285,0.14473684210526316,0.735632183908046
35,lasso_feature_selection,0.025974025974025976,0.03896103896103896,0.012987012987012988,0.5,0.0
35,adaptive_lasso_tuned,0.974025974025974,0.974025974025974,0.0,0.0,0.8933333333333333
36,boruta_selector,0.10810810810810811,0.12162162162162163,0.013513513513513514,0.125,0.3333333333333333
36,univariate_feature_selection,1.0,1.1756756756756757,0.17567567567567569,0.17567567567567569,0.9540229885057471
36,lasso_feature_selection,0.013513513513513514,0.04054054054054054,0.02702702702702703,2.0,0.0
36,adaptive_lasso_tuned,0.9459459459459459,0.9459459459459459,0.0,0.0,0.8428571428571429
37,boruta_selector,0.0945945945945946,0.0945945945945946,0.0,0.0,0.14285714285714285
37,univariate_feature_selection,0.9864864864864865,1.1756756756756757,0.1891891891891892,0.1917808219178082,0.9885057471264368
37,lasso_feature_selection,0.02702702702702703,0.04054054054054054,0.013513513513513514,0.5,0.0
37,adaptive_lasso_tuned,0.9324324324324325,0.9459459459459459,0.013513513513513514,0.014492753623188406,0.7428571428571429
38,boruta_selector,0.12658227848101267,0.12658227848101267,0.0,0.0,0.4
38,univariate_feature_selection,0.9873417721518988,1.1012658227848102,0.11392405063291139,0.11538461538461539,0.7701149425287356
38,lasso_feature_selection,0.02531645569620253,0.0379746835443038,0.012658227848101266,0.5,0.0
38,adaptive_lasso_tuned,0.9620253164556962,0.9620253164556962,0.0,0.0,0.881578947368421
39,boruta_selector,0.0958904109589041,0.1232876712328767,0.0273972602739726,0.2857142857142857,0.4444444444444444
39,univariate_feature_selection,1.0,1.1917808219178083,0.1917808219178082,0.1917808219178082,0.8735632183908046
39,lasso_feature_selection,0.0273972602739726,0.0410958904109589,0.0136986301369863,0.5,0.0
39,adaptive_lasso_tuned,0.9452054794520548,0.9452054794520548,0.0,0.0,0.8115942028985508
40,boruta_selector,0.16666666666666666,0.16666666666666666,0.0,0.0,0.3076923076923077
40,univariate_feature_selection,0.9871794871794872,1.1153846153846154,0.1282051282051282,0.12987012987012986,0.9540229885057471
40,lasso_feature_selection,0.02564102564102564,0.038461538461538464,0.01282051282051282,0.5,0.0
40,adaptive_lasso_tuned,0.9358974358974359,0.9358974358974359,0.0,0.0,0.8082191780821918
41,boruta_selector,0.08974358974358974,0.10256410256410256,0.01282051282051282,0.14285714285714285,0.375
41,univariate_feature_selection,0.9871794871794872,1.1153846153846154,0.1282051282051282,0.12987012987012986,0.8620689655172413
41,lasso_feature_selection,0.02564102564102564,0.038461538461538464,0.01282051282051282,0.5,0.0
41,adaptive_lasso_tuned,0.9615384615384616,0.9615384615384616,0.0,0.0,0.8933333333333333
42,boruta_selector,0.09210526315789473,0.10526315789473684,0.013157894736842105,0.14285714285714285,0.375
42,univariate_feature_selection,0.9868421052631579,1.144736842105263,0.15789473684210525,0.16,0.9080459770114943
42,lasso_feature_selection,0.02631578947368421,0.039473684210526314,0.013157894736842105,0.5,0.3333333333333333
42,adaptive_lasso_tuned,1.0,1.0,0.0,0.0,0.8947368421052632
43,boruta_selector,0.11688311688311688,0.11688311688311688,0.0,0.0,0.2222222222222222
43,univariate_feature_selection,0.987012987012987,1.12987012987013,0.14285714285714285,0.14473684210526316,0.9425287356321839
43,lasso_feature_selection,0.025974025974025976,0.03896103896103896,0.012987012987012988,0.5,0.0
43,adaptive_lasso_tuned,0.974025974025974,0.974025974025974,0.0,0.0,0.8666666666666667
44,boruta_selector,0.10526315789473684,0.10526315789473684,0.0,0.0,0.125
44,univariate_feature_selection,0.9868421052631579,1.144736842105263,0.15789473684210525,0.16,0.735632183908046
44,lasso_feature_selection,0.02631578947368421,0.05263157894736842,0.02631578947368421,1.0,0.25
44,adaptive_lasso_tuned,0.9736842105263158,0.9736842105263158,0.0,0.0,0.8783783783783784
45,boruta_selector,0.10126582278481013,0.11392405063291139,0.012658227848101266,0.125,0.4444444444444444
45,univariate_feature_selection,0.9873417721518988,1.1012658227848102,0.11392405063291139,0.11538461538461539,0.7586206896551724
45,lasso_feature_selection,0.02531645569620253,0.0379746835443038,0.012658227848101266,0.5,0.0
45,adaptive_lasso_tuned,0.9746835443037974,0.9746835443037974,0.0,0.0,0.974025974025974
46,boruta_selector,0.08108108108108109,0.0945945945945946,0.013513513513513514,0.16666666666666666,0.14285714285714285
46,univariate_feature_selection,0.972972972972973,1.162162162162162,0.1891891891891892,0.19444444444444445,0.6976744186046512
46,lasso_feature_selection,0.02702702702702703,0.04054054054054054,0.013513513513513514,0.5,0.0
46,adaptive_lasso_tuned,0.9594594594594594,0.9594594594594594,0.0,0.0,0.8873239436619719
47,boruta_selector,0.1232876712328767,0.1232876712328767,0.0,0.0,0.4444444444444444
47,univariate_feature_selection,0.9863013698630136,1.1917808219178083,0.2054794520547945,0.20833333333333334,0.7471264367816092
47,lasso_feature_selection,0.0273972602739726,0.0410958904109589,0.0136986301369863,0.5,0.0
47,adaptive_lasso_tuned,0.958904109589041,0.958904109589041,0.0,0.0,0.8857142857142857
48,boruta_selector,0.1111111111111111,0.1111111111111111,0.0,0.0,0.375
48,univariate_feature_selection,0.9861111111111112,1.2083333333333333,0.2222222222222222,0.22535211267605634,0.7011494252873564
48,lasso_feature_selection,0.027777777777777776,0.041666666666666664,0.013888888888888888,0.5,0.0
48,adaptive_lasso_tuned,0.9583333333333334,0.9722222222222222,0.013888888888888888,0.014492753623188406,0.8714285714285714
49,boruta_selector,0.15384615384615385,0.15384615384615385,0.0,0.0,0.4166666666666667
49,univariate_feature_selection,0.9871794871794872,1.1153846153846154,0.1282051282051282,0.12987012987012986,0.7701149425287356
49,lasso_feature_selection,0.02564102564102564,0.038461538461538464,0.01282051282051282,0.5,0.0
49,adaptive_lasso_tuned,0.9487179487179487,0.9487179487179487,0.0,0.0,0.7702702702702703
50,boruta_selector,0.1038961038961039,0.11688311688311688,0.012987012987012988,0.125,0.1111111111111111
50,univariate_feature_selection,0.987012987012987,1.12987012987013,0.14285714285714285,0.14473684210526316,0.9080459770114943
50,lasso_feature_selection,0.025974025974025976,0.03896103896103896,0.012987012987012988,0.5,0.0
50,adaptive_lasso_tuned,0.948051948051948,0.948051948051948,0.0,0.0,0.821917808219178
51,boruta_selector,0.125,0.125,0.0,0.0,0.2222222222222222
51,univariate_feature_selection,0.9861111111111112,1.2083333333333333,0.2222222222222222,0.22535211267605634,0.7931034482758621
51,lasso_feature_selection,0.027777777777777776,0.041666666666666664,0.013888888888888888,0.5,0.0
51,adaptive_lasso_tuned,0.9027777777777778,0.9027777777777778,0.0,0.0,0.7538461538461538
52,boruta_selector,0.11538461538461539,0.11538461538461539,0.0,0.0,0.4444444444444444
52,univariate_feature_selection,0.5,0.5512820512820513,0.05128205128205128,0.10256410256410256,0.5116279069767442
52,lasso_feature_selection,0.02564102564102564,0.038461538461538464,0.01282051282051282,0.5,0.0
52,adaptive_lasso_tuned,0.9615384615384616,0.9615384615384616,0.0,0.0,0.76
53,boruta_selector,0.07792207792207792,0.09090909090909091,0.012987012987012988,0.16666666666666666,0.42857142857142855
53,univariate_feature_selection,1.0,1.12987012987013,0.12987012987012986,0.12987012987012986,0.9425287356321839
53,lasso_feature_selection,0.025974025974025976,0.03896103896103896,0.012987012987012988,0.5,0.0
53,adaptive_lasso_tuned,0.974025974025974,0.974025974025974,0.0,0.0,0.8933333333333333
54,boruta_selector,0.12987012987012986,0.12987012987012986,0.0,0.0,0.2
54,univariate_feature_selection,1.0,1.12987012987013,0.12987012987012986,0.12987012987012986,0.9195402298850575
54,lasso_feature_selection,0.025974025974025976,0.03896103896103896,0.012987012987012988,0.5,0.0
54,adaptive_lasso_tuned,0.961038961038961,0.961038961038961,0.0,0.0,0.8783783783783784
55,boruta_selector,0.1038961038961039,0.1038961038961039,0.0,0.0,0.625
55,univariate_feature_selection,0.987012987012987,1.12987012987013,0.14285714285714285,0.14473684210526316,0.9655172413793104
55,lasso_feature_selection,0.025974025974025976,0.03896103896103896,0.012987012987012988,0.5,0.0
55,adaptive_lasso_tuned,0.961038961038961,0.974025974025974,0.012987012987012988,0.013513513513513514,0.88
56,boruta_selector,0.11842105263157894,0.11842105263157894,0.0,0.0,0.3333333333333333
56,univariate_feature_selection,0.6052631578947368,0.6578947368421053,0.05263157894736842,0.08695652173913043,0.52
56,lasso_feature_selection,0.02631578947368421,0.039473684210526314,0.013157894736842105,0.5,0.0
56,adaptive_lasso_tuned,0.9868421052631579,1.0,0.013157894736842105,0.013333333333333334,0.8947368421052632
57,boruta_selector,0.17721518987341772,0.189873417721519,0.012658227848101266,0.07142857142857142,0.4666666666666667
57,univariate_feature_selection,0.9873417721518988,1.1012658227848102,0.11392405063291139,0.11538461538461539,0.7586206896551724
57,lasso_feature_selection,0.02531645569620253,0.0379746835443038,0.012658227848101266,0.5,0.0
57,adaptive_lasso_tuned,0.9873417721518988,0.9873417721518988,0.0,0.0,0.8846153846153846
58,boruta_selector,0.08,0.08,0.0,0.0,0.3333333333333333
58,univariate_feature_selection,0.9866666666666667,1.16,0.17333333333333334,0.17567567567567569,0.9655172413793104
58,lasso_feature_selection,0.02666666666666667,0.04,0.013333333333333334,0.5,0.0
58,adaptive_lasso_tuned,0.9866666666666667,0.9866666666666667,0.0,0.0,0.7432432432432432
59,boruta_selector,0.11688311688311688,0.11688311688311688,0.0,0.0,0.4444444444444444
59,univariate_feature_selection,0.987012987012987,1.12987012987013,0.14285714285714285,0.14473684210526316,0.8620689655172413
59,lasso_feature_selection,0.025974025974025976,0.03896103896103896,0.012987012987012988,0.5,0.0
59,adaptive_lasso_tuned,0.974025974025974,0.974025974025974,0.0,0.0,0.8933333333333333
60,boruta_selector,0.13333333333333333,0.13333333333333333,0.0,0.0,0.3
60,univariate_feature_selection,0.9866666666666667,1.16,0.17333333333333334,0.17567567567567569,0.7241379310344828
60,lasso_feature_selection,0.02666666666666667,0.04,0.013333333333333334,0.5,0.0
60,adaptive_lasso_tuned,0.9866666666666667,0.9866666666666667,0.0,0.0,0.8783783783783784
61,boruta_selector,0.10526315789473684,0.11842105263157894,0.013157894736842105,0.125,0.4444444444444444
61,univariate_feature_selection,0.9736842105263158,1.131578947368421,0.15789473684210525,0.16216216216216217,0.686046511627907
61,lasso_feature_selection,0.02631578947368421,0.039473684210526314,0.013157894736842105,0.5,0.0
61,adaptive_lasso_tuned,0.9210526315789473,0.9210526315789473,0.0,0.0,0.7714285714285715
62,boruta_selector,0.1891891891891892,0.20270270270270271,0.013513513513513514,0.07142857142857142,0.2
62,univariate_feature_selection,0.9864864864864865,1.1756756756756757,0.1891891891891892,0.1917808219178082,0.8850574712643678
62,lasso_feature_selection,0.02702702702702703,0.04054054054054054,0.013513513513513514,0.5,0.0
62,adaptive_lasso_tuned,0.972972972972973,0.9864864864864865,0.013513513513513514,0.013888888888888888,0.863013698630137
63,boruta_selector,0.1232876712328767,0.1232876712328767,0.0,0.0,0.3333333333333333
63,univariate_feature_selection,0.9863013698630136,1.1917808219178083,0.2054794520547945,0.20833333333333334,0.9080459770114943
63,lasso_feature_selection,0.0273972602739726,0.0410958904109589,0.0136986301369863,0.5,0.0
63,adaptive_lasso_tuned,0.9863013698630136,1.0,0.0136986301369863,0.013888888888888888,0.8904109589041096
64,boruta_selector,0.10810810810810811,0.12162162162162163,0.013513513513513514,0.125,0.3333333333333333
64,univariate_feature_selection,0.9864864864864865,1.1756756756756757,0.1891891891891892,0.1917808219178082,0.7126436781609196
64,lasso_feature_selection,0.02702702702702703,0.04054054054054054,0.013513513513513514,0.5,0.0
64,adaptive_lasso_tuned,1.0,1.027027027027027,0.02702702702702703,0.02702702702702703,0.8947368421052632
65,boruta_selector,0.09333333333333334,0.12,0.02666666666666667,0.2857142857142857,0.1111111111111111
65,univariate_feature_selection,0.9866666666666667,1.1466666666666667,0.16,0.16216216216216217,0.8837209302325582
65,lasso_feature_selection,0.02666666666666667,0.04,0.013333333333333334,0.5,0.0
65,adaptive_lasso_tuned,1.0,1.0,0.0,0.0,0.8933333333333333
66,boruta_selector,0.17333333333333334,0.17333333333333334,0.0,0.0,0.3076923076923077
66,univariate_feature_selection,0.9866666666666667,1.16,0.17333333333333334,0.17567567567567569,0.9655172413793104
66,lasso_feature_selection,0.02666666666666667,0.04,0.013333333333333334,0.5,0.0
66,adaptive_lasso_tuned,0.8933333333333333,0.8933333333333333,0.0,0.0,0.746268656716418
67,boruta_selector,0.1282051282051282,0.14102564102564102,0.01282051282051282,0.1,0.36363636363636365
67,univariate_feature_selection,0.717948717948718,0.7948717948717948,0.07692307692307693,0.10714285714285714,0.532258064516129
67,lasso_feature_selection,0.02564102564102564,0.038461538461538464,0.01282051282051282,0.5,0.0
67,adaptive_lasso_tuned,0.9615384615384616,0.9615384615384616,0.0,0.0,0.8933333333333333
68,boruta_selector,0.12162162162162163,0.13513513513513514,0.013513513513513514,0.1111111111111111,0.4
68,univariate_feature_selection,1.0,1.1756756756756757,0.17567567567567569,0.17567567567567569,0.8160919540229885
68,lasso_feature_selection,0.02702702702702703,0.04054054054054054,0.013513513513513514,0.5,0.0
68,adaptive_lasso_tuned,1.0,1.0,0.0,0.0,0.8918918918918919
69,boruta_selector,0.11842105263157894,0.11842105263157894,0.0,0.0,0.3333333333333333
69,univariate_feature_selection,1.0,1.144736842105263,0.14473684210526316,0.14473684210526316,0.9770114942528736
69,lasso_feature_selection,0.02631578947368421,0.039473684210526314,0.013157894736842105,0.5,0.0
69,adaptive_lasso_tuned,0.9736842105263158,0.9736842105263158,0.0,0.0,0.8783783783783784
70,boruta_selector,0.0958904109589041,0.1095890410958904,0.0136986301369863,0.14285714285714285,0.375
70,univariate_feature_selection,0.9863013698630136,1.1917808219178083,0.2054794520547945,0.20833333333333334,0.9080459770114943
70,lasso_feature_selection,0.0273972602739726,0.0410958904109589,0.0136986301369863,0.5,0.0
70,adaptive_lasso_tuned,0.9726027397260274,1.0,0.0273972602739726,0.028169014084507043,0.8767123287671232
71,boruta_selector,0.13157894736842105,0.15789473684210525,0.02631578947368421,0.2,0.25
71,univariate_feature_selection,0.9868421052631579,1.144736842105263,0.15789473684210525,0.16,1.0
71,lasso_feature_selection,0.02631578947368421,0.039473684210526314,0.013157894736842105,0.5,0.0
71,adaptive_lasso_tuned,0.9736842105263158,0.9736842105263158,0.0,0.0,0.8918918918918919
72,boruta_selector,0.125,0.1388888888888889,0.013888888888888888,0.1111111111111111,0.6
72,univariate_feature_selection,0.9722222222222222,1.1944444444444444,0.2222222222222222,0.22857142857142856,0.9069767441860465
72,lasso_feature_selection,0.027777777777777776,0.041666666666666664,0.013888888888888888,0.5,0.0
72,adaptive_lasso_tuned,0.6944444444444444,0.6944444444444444,0.0,0.0,0.54
73,boruta_selector,0.12658227848101267,0.12658227848101267,0.0,0.0,0.6
73,univariate_feature_selection,0.9873417721518988,1.0886075949367089,0.10126582278481013,0.10256410256410256,0.9418604651162791
73,lasso_feature_selection,0.02531645569620253,0.0379746835443038,0.012658227848101266,0.5,0.0
73,adaptive_lasso_tuned,0.8987341772151899,0.8987341772151899,0.0,0.0,0.8309859154929577
74,boruta_selector,0.08974358974358974,0.08974358974358974,0.0,0.0,0.42857142857142855
74,univariate_feature_selection,0.9871794871794872,1.1153846153846154,0.1282051282051282,0.12987012987012986,0.9195402298850575
74,lasso_feature_selection,0.02564102564102564,0.038461538461538464,0.01282051282051282,0.5,0.0
74,adaptive_lasso_tuned,0.9743589743589743,0.9743589743589743,0.0,0.0,0.8947368421052632
75,boruta_selector,0.13157894736842105,0.13157894736842105,0.0,0.0,0.4
75,univariate_feature_selection,0.9868421052631579,1.144736842105263,0.15789473684210525,0.16,0.896551724137931
75,lasso_feature_selection,0.02631578947368421,0.039473684210526314,0.013157894736842105,0.5,0.0
75,adaptive_lasso_tuned,0.9605263157894737,0.9605263157894737,0.0,0.0,0.7534246575342466
76,boruta_selector,0.11842105263157894,0.11842105263157894,0.0,0.0,0.4444444444444444
76,univariate_feature_selection,0.9868421052631579,1.144736842105263,0.15789473684210525,0.16,0.8735632183908046
76,lasso_feature_selection,0.02631578947368421,0.039473684210526314,0.013157894736842105,0.5,0.0
76,adaptive_lasso_tuned,0.9868421052631579,0.9868421052631579,0.0,0.0,0.8266666666666667
77,boruta_selector,0.09722222222222222,0.09722222222222222,0.0,0.0,0.2857142857142857
77,univariate_feature_selection,0.9722222222222222,1.1944444444444444,0.2222222222222222,0.22857142857142856,0.7093023255813954
77,lasso_feature_selection,0.027777777777777776,0.041666666666666664,0.013888888888888888,0.5,0.0
77,adaptive_lasso_tuned,0.9722222222222222,0.9861111111111112,0.013888888888888888,0.014285714285714285,0.7464788732394366
78,boruta_selector,0.1518987341772152,0.16455696202531644,0.012658227848101266,0.08333333333333333,0.46153846153846156
78,univariate_feature_selection,0.9873417721518988,1.1012658227848102,0.11392405063291139,0.11538461538461539,0.8505747126436781
78,lasso_feature_selection,0.02531645569620253,0.0379746835443038,0.012658227848101266,0.5,0.0
78,adaptive_lasso_tuned,0.9873417721518988,0.9873417721518988,0.0,0.0,0.8974358974358975
79,boruta_selector,0.11688311688311688,0.11688311688311688,0.0,0.0,0.3333333333333333
79,univariate_feature_selection,0.987012987012987,1.12987012987013,0.14285714285714285,0.14473684210526316,0.9540229885057471
79,lasso_feature_selection,0.025974025974025976,0.03896103896103896,0.012987012987012988,0.5,0.0
79,adaptive_lasso_tuned,0.974025974025974,0.974025974025974,0.0,0.0,0.8533333333333334
80,boruta_selector,0.10666666666666667,0.10666666666666667,0.0,0.0,0.125
80,univariate_feature_selection,0.9866666666666667,1.16,0.17333333333333334,0.17567567567567569,0.9885057471264368
80,lasso_feature_selection,0.02666666666666667,0.04,0.013333333333333334,0.5,0.0
80,adaptive_lasso_tuned,0.9866666666666667,0.9866666666666667,0.0,0.0,0.8918918918918919
81,boruta_selector,0.10526315789473684,0.10526315789473684,0.0,0.0,0.125
81,univariate_feature_selection,0.9868421052631579,1.144736842105263,0.15789473684210525,0.16,0.9310344827586207
81,lasso_feature_selection,0.02631578947368421,0.039473684210526314,0.013157894736842105,0.5,0.0
81,adaptive_lasso_tuned,0.9605263157894737,0.9605263157894737,0.0,0.0,0.9452054794520548
82,boruta_selector,0.12658227848101267,0.12658227848101267,0.0,0.0,0.3
82,univariate_feature_selection,0.9873417721518988,1.1012658227848102,0.11392405063291139,0.11538461538461539,0.9425287356321839
82,lasso_feature_selection,0.02531645569620253,0.0379746835443038,0.012658227848101266,0.5,0.0
82,adaptive_lasso_tuned,0.9620253164556962,0.9620253164556962,0.0,0.0,0.8421052631578947
83,boruta_selector,0.125,0.1527777777777778,0.027777777777777776,0.2222222222222222,0.5454545454545454
83,univariate_feature_selection,0.9861111111111112,1.2083333333333333,0.2222222222222222,0.22535211267605634,0.9310344827586207
83,lasso_feature_selection,0.027777777777777776,0.041666666666666664,0.013888888888888888,0.5,0.0
83,adaptive_lasso_tuned,1.0,1.0,0.0,0.0,0.8888888888888888
84,boruta_selector,0.15584415584415584,0.16883116883116883,0.012987012987012988,0.08333333333333333,0.46153846153846156
84,univariate_feature_selection,0.987012987012987,1.12987012987013,0.14285714285714285,0.14473684210526316,0.7816091954022989
84,lasso_feature_selection,0.025974025974025976,0.03896103896103896,0.012987012987012988,0.5,0.0
84,adaptive_lasso_tuned,0.974025974025974,0.974025974025974,0.0,0.0,0.8933333333333333
85,boruta_selector,0.14285714285714285,0.14285714285714285,0.0,0.0,0.5454545454545454
85,univariate_feature_selection,0.987012987012987,1.12987012987013,0.14285714285714285,0.14473684210526316,0.7011494252873564
85,lasso_feature_selection,0.025974025974025976,0.03896103896103896,0.012987012987012988,0.5,0.0
85,adaptive_lasso_tuned,0.987012987012987,0.987012987012987,0.0,0.0,0.8289473684210527
86,boruta_selector,0.07692307692307693,0.07692307692307693,0.0,0.0,0.0
86,univariate_feature_selection,0.9871794871794872,1.1153846153846154,0.1282051282051282,0.12987012987012986,0.9540229885057471
86,lasso_feature_selection,0.02564102564102564,0.038461538461538464,0.01282051282051282,0.5,0.0
86,adaptive_lasso_tuned,0.9743589743589743,0.9743589743589743,0.0,0.0,0.8947368421052632
87,boruta_selector,0.15384615384615385,0.15384615384615385,0.0,0.0,0.3333333333333333
87,univariate_feature_selection,0.9871794871794872,1.1153846153846154,0.1282051282051282,0.12987012987012986,0.9310344827586207
87,lasso_feature_selection,0.02564102564102564,0.038461538461538464,0.01282051282051282,0.5,0.0
87,adaptive_lasso_tuned,0.9615384615384616,0.9615384615384616,0.0,0.0,0.8933333333333333
88,boruta_selector,0.0958904109589041,0.1095890410958904,0.0136986301369863,0.14285714285714285,0.375
88,univariate_feature_selection,0.9863013698630136,1.1917808219178083,0.2054794520547945,0.20833333333333334,0.8850574712643678
88,lasso_feature_selection,0.0273972602739726,0.0410958904109589,0.0136986301369863,0.5,0.0
88,adaptive_lasso_tuned,0.9178082191780822,0.9178082191780822,0.0,0.0,0.8208955223880597
89,boruta_selector,0.11538461538461539,0.14102564102564102,0.02564102564102564,0.2222222222222222,0.5454545454545454
89,univariate_feature_selection,0.9871794871794872,1.1153846153846154,0.1282051282051282,0.12987012987012986,0.8505747126436781
89,lasso_feature_selection,0.01282051282051282,0.038461538461538464,0.02564102564102564,2.0,0.0
89,adaptive_lasso_tuned,0.9358974358974359,0.9358974358974359,0.0,0.0,0.726027397260274
90,boruta_selector,0.07894736842105263,0.09210526315789473,0.013157894736842105,0.16666666666666666,0.0
90,univariate_feature_selection,0.9473684210526315,1.0921052631578947,0.14473684210526316,0.1527777777777778,0.7590361445783133
90,lasso_feature_selection,0.02631578947368421,0.039473684210526314,0.013157894736842105,0.5,0.0
90,adaptive_lasso_tuned,0.8947368421052632,0.8947368421052632,0.0,0.0,0.8529411764705882
91,boruta_selector,0.11688311688311688,0.12987012987012986,0.012987012987012988,0.1111111111111111,0.2
91,univariate_feature_selection,1.0,1.12987012987013,0.12987012987012986,0.12987012987012986,0.9080459770114943
91,lasso_feature_selection,0.025974025974025976,0.03896103896103896,0.012987012987012988,0.5,0.0
91,adaptive_lasso_tuned,0.974025974025974,0.974025974025974,0.0,0.0,0.9466666666666667
92,boruta_selector,0.0945945945945946,0.0945945945945946,0.0,0.0,0.2857142857142857
92,univariate_feature_selection,0.9864864864864865,1.1756756756756757,0.1891891891891892,0.1917808219178082,0.9885057471264368
92,lasso_feature_selection,0.02702702702702703,0.04054054054054054,0.013513513513513514,0.5,0.0
92,adaptive_lasso_tuned,0.9324324324324325,0.9324324324324325,0.0,0.0,0.8405797101449275
93,boruta_selector,0.12,0.12,0.0,0.0,0.4444444444444444
93,univariate_feature_selection,1.0,1.16,0.16,0.16,0.9885057471264368
93,lasso_feature_selection,0.02666666666666667,0.04,0.013333333333333334,0.5,0.0
93,adaptive_lasso_tuned,0.96,0.96,0.0,0.0,0.875
94,boruta_selector,0.10666666666666667,0.12,0.013333333333333334,0.125,0.2222222222222222
94,univariate_feature_selection,0.9866666666666667,1.16,0.17333333333333334,0.17567567567567569,0.8850574712643678
94,lasso_feature_selection,0.02666666666666667,0.04,0.013333333333333334,0.5,0.0
94,adaptive_lasso_tuned,0.9733333333333334,0.9733333333333334,0.0,0.0,0.8904109589041096
95,boruta_selector,0.17105263157894737,0.17105263157894737,0.0,0.0,0.5384615384615384
95,univariate_feature_selection,0.9868421052631579,1.144736842105263,0.15789473684210525,0.16,0.9310344827586207
95,lasso_feature_selection,0.02631578947368421,0.039473684210526314,0.013157894736842105,0.5,0.0
95,adaptive_lasso_tuned,0.9736842105263158,0.9868421052631579,0.013157894736842105,0.013513513513513514,0.8933333333333333
96,boruta_selector,0.10666666666666667,0.12,0.013333333333333334,0.125,0.5555555555555556
96,univariate_feature_selection,0.9733333333333334,1.1466666666666667,0.17333333333333334,0.1780821917808219,0.7558139534883721
96,lasso_feature_selection,0.02666666666666667,0.04,0.013333333333333334,0.5,0.0
96,adaptive_lasso_tuned,0.9466666666666667,0.9466666666666667,0.0,0.0,0.8028169014084507
97,boruta_selector,0.0945945945945946,0.10810810810810811,0.013513513513513514,0.14285714285714285,0.5
97,univariate_feature_selection,0.9864864864864865,1.1756756756756757,0.1891891891891892,0.1917808219178082,0.9195402298850575
97,lasso_feature_selection,0.013513513513513514,0.04054054054054054,0.02702702702702703,2.0,0.0
97,adaptive_lasso_tuned,0.9864864864864865,0.9864864864864865,0.0,0.0,0.8904109589041096
98,boruta_selector,0.19230769230769232,0.20512820512820512,0.01282051282051282,0.06666666666666667,0.5625
98,univariate_feature_selection,0.9871794871794872,1.1153846153846154,0.1282051282051282,0.12987012987012986,0.9885057471264368
98,lasso_feature_selection,0.02564102564102564,0.038461538461538464,0.01282051282051282,0.5,0.0
98,adaptive_lasso_tuned,0.8846153846153846,0.8846153846153846,0.0,0.0,0.7101449275362319
99,boruta_selector,0.1518987341772152,0.17721518987341772,0.02531645569620253,0.16666666666666666,0.42857142857142855
99,univariate_feature_selection,0.9873417721518988,1.1012658227848102,0.11392405063291139,0.11538461538461539,0.8390804597701149
99,lasso_feature_selection,0.02531645569620253,0.0379746835443038,0.012658227848101266,0.5,0.0
99,adaptive_lasso_tuned,0.9367088607594937,0.9367088607594937,0.0,0.0,0.7972972972972973
100,boruta_selector,0.11842105263157894,0.13157894736842105,0.013157894736842105,0.1111111111111111,0.5
100,univariate_feature_selection,0.6447368421052632,0.7105263157894737,0.06578947368421052,0.10204081632653061,0.5925925925925926
100,lasso_feature_selection,0.02631578947368421,0.039473684210526314,0.013157894736842105,0.5,0.0
100,adaptive_lasso_tuned,0.9868421052631579,0.9868421052631579,0.0,0.0,0.8133333333333334
101,boruta_selector,0.15584415584415584,0.15584415584415584,0.0,0.0,0.4166666666666667
101,univariate_feature_selection,0.987012987012987,1.12987012987013,0.14285714285714285,0.14473684210526316,0.8505747126436781
101,lasso_feature_selection,0.025974025974025976,0.03896103896103896,0.012987012987012988,0.5,0.0
101,adaptive_lasso_tuned,0.922077922077922,0.922077922077922,0.0,0.0,0.7464788732394366
102,boruta_selector,0.1111111111111111,0.1111111111111111,0.0,0.0,0.125
102,univariate_feature_selection,0.9861111111111112,1.2083333333333333,0.2222222222222222,0.22535211267605634,0.9540229885057471
102,lasso_feature_selection,0.027777777777777776,0.041666666666666664,0.013888888888888888,0.5,0.0
102,adaptive_lasso_tuned,0.9583333333333334,0.9583333333333334,0.0,0.0,0.8260869565217391
103,boruta_selector,0.09210526315789473,0.10526315789473684,0.013157894736842105,0.14285714285714285,0.375
103,univariate_feature_selection,1.0,1.144736842105263,0.14473684210526316,0.14473684210526316,0.9425287356321839
103,lasso_feature_selection,0.02631578947368421,0.039473684210526314,0.013157894736842105,0.5,0.0
103,adaptive_lasso_tuned,0.9736842105263158,0.9736842105263158,0.0,0.0,0.8918918918918919
104,boruta_selector,0.12987012987012986,0.15584415584415584,0.025974025974025976,0.2,0.5833333333333334
104,univariate_feature_selection,0.948051948051948,1.0909090909090908,0.14285714285714285,0.1506849315068493,0.6785714285714286
104,lasso_feature_selection,0.025974025974025976,0.03896103896103896,0.012987012987012988,0.5,0.0
104,adaptive_lasso_tuned,0.974025974025974,0.987012987012987,0.012987012987012988,0.013333333333333334,0.8947368421052632
105,boruta_selector,0.11688311688311688,0.11688311688311688,0.0,0.0,0.2222222222222222
105,univariate_feature_selection,0.987012987012987,1.12987012987013,0.14285714285714285,0.14473684210526316,0.896551724137931
105,lasso_feature_selection,0.025974025974025976,0.03896103896103896,0.012987012987012988,0.5,0.0
105,adaptive_lasso_tuned,0.974025974025974,0.974025974025974,0.0,0.0,0.84
106,boruta_selector,0.11538461538461539,0.11538461538461539,0.0,0.0,0.3333333333333333
106,univariate_feature_selection,0.9871794871794872,1.1153846153846154,0.1282051282051282,0.12987012987012986,0.896551724137931
106,lasso_feature_selection,0.02564102564102564,0.038461538461538464,0.01282051282051282,0.5,0.0
106,adaptive_lasso_tuned,0.9615384615384616,0.9615384615384616,0.0,0.0,0.8933333333333333
107,boruta_selector,0.0945945945945946,0.10810810810810811,0.013513513513513514,0.14285714285714285,0.375
107,univariate_feature_selection,0.9864864864864865,1.1756756756756757,0.1891891891891892,0.1917808219178082,0.8735632183908046
107,lasso_feature_selection,0.02702702702702703,0.04054054054054054,0.013513513513513514,0.5,0.0
107,adaptive_lasso_tuned,1.0,1.0,0.0,0.0,0.8918918918918919
108,boruta_selector,0.13513513513513514,0.13513513513513514,0.0,0.0,0.5
108,univariate_feature_selection,0.972972972972973,1.162162162162162,0.1891891891891892,0.19444444444444445,0.7906976744186046
108,lasso_feature_selection,0.02702702702702703,0.04054054054054054,0.013513513513513514,0.5,0.0
108,adaptive_lasso_tuned,0.9594594594594594,0.9594594594594594,0.0,0.0,0.647887323943662
109,boruta_selector,0.12,0.12,0.0,0.0,0.2222222222222222
109,univariate_feature_selection,0.9866666666666667,1.16,0.17333333333333334,0.17567567567567569,0.9195402298850575
109,lasso_feature_selection,0.02666666666666667,0.04,0.013333333333333334,0.5,0.0
109,adaptive_lasso_tuned,0.9866666666666667,0.9866666666666667,0.0,0.0,0.8783783783783784
110,boruta_selector,0.12,0.14666666666666667,0.02666666666666667,0.2222222222222222,0.45454545454545453
110,univariate_feature_selection,0.9866666666666667,1.16,0.17333333333333334,0.17567567567567569,0.896551724137931
110,lasso_feature_selection,0.02666666666666667,0.04,0.013333333333333334,0.5,0.0
110,adaptive_lasso_tuned,0.9333333333333333,0.9333333333333333,0.0,0.0,0.8857142857142857
111,boruta_selector,0.13924050632911392,0.13924050632911392,0.0,0.0,0.2727272727272727
111,univariate_feature_selection,0.9873417721518988,1.1012658227848102,0.11392405063291139,0.11538461538461539,0.8045977011494253
111,lasso_feature_selection,0.02531645569620253,0.0379746835443038,0.012658227848101266,0.5,0.0
111,adaptive_lasso_tuned,0.9873417721518988,0.9873417721518988,0.0,0.0,0.8974358974358975
112,boruta_selector,0.09090909090909091,0.09090909090909091,0.0,0.0,0.14285714285714285
112,univariate_feature_selection,0.987012987012987,1.12987012987013,0.14285714285714285,0.14473684210526316,0.735632183908046
112,lasso_feature_selection,0.025974025974025976,0.03896103896103896,0.012987012987012988,0.5,0.0
112,adaptive_lasso_tuned,0.987012987012987,0.987012987012987,0.0,0.0,0.7631578947368421
113,boruta_selector,0.06493506493506493,0.07792207792207792,0.012987012987012988,0.2,0.3333333333333333
113,univariate_feature_selection,0.987012987012987,1.12987012987013,0.14285714285714285,0.14473684210526316,0.9540229885057471
113,lasso_feature_selection,0.025974025974025976,0.03896103896103896,0.012987012987012988,0.5,0.0
113,adaptive_lasso_tuned,0.961038961038961,0.961038961038961,0.0,0.0,0.8243243243243243
114,boruta_selector,0.15789473684210525,0.17105263157894737,0.013157894736842105,0.08333333333333333,0.23076923076923078
114,univariate_feature_selection,0.9868421052631579,1.144736842105263,0.15789473684210525,0.16,0.8160919540229885
114,lasso_feature_selection,0.013157894736842105,0.039473684210526314,0.02631578947368421,2.0,0.0
114,adaptive_lasso_tuned,0.9868421052631579,1.0,0.013157894736842105,0.013333333333333334,0.8947368421052632
115,boruta_selector,0.14864864864864866,0.14864864864864866,0.0,0.0,0.6363636363636364
115,univariate_feature_selection,1.0,1.1756756756756757,0.17567567567567569,0.17567567567567569,0.9885057471264368
115,lasso_feature_selection,0.02702702702702703,0.04054054054054054,0.013513513513513514,0.5,0.0
115,adaptive_lasso_tuned,0.918918918918919,0.918918918918919,0.0,0.0,0.8823529411764706
116,boruta_selector,0.07792207792207792,0.09090909090909091,0.012987012987012988,0.16666666666666666,0.42857142857142855
116,univariate_feature_selection,0.987012987012987,1.12987012987013,0.14285714285714285,0.14473684210526316,0.8620689655172413
116,lasso_feature_selection,0.025974025974025976,0.03896103896103896,0.012987012987012988,0.5,0.0
116,adaptive_lasso_tuned,0.935064935064935,0.935064935064935,0.0,0.0,0.8055555555555556
117,boruta_selector,0.10526315789473684,0.10526315789473684,0.0,0.0,0.5
117,univariate_feature_selection,0.9868421052631579,1.144736842105263,0.15789473684210525,0.16,0.9540229885057471
117,lasso_feature_selection,0.02631578947368421,0.039473684210526314,0.013157894736842105,0.5,0.0
117,adaptive_lasso_tuned,1.0,1.0,0.0,0.0,0.8947368421052632
118,boruta_selector,0.12162162162162163,0.13513513513513514,0.013513513513513514,0.1111111111111111,0.4
118,univariate_feature_selection,0.8108108108108109,0.972972972972973,0.16216216216216217,0.2,0.6666666666666666
118,lasso_feature_selection,0.02702702702702703,0.04054054054054054,0.013513513513513514,0.5,0.0
118,adaptive_lasso_tuned,0.8783783783783784,0.8783783783783784,0.0,0.0,0.8153846153846154
119,boruta_selector,0.12,0.12,0.0,0.0,0.4444444444444444
119,univariate_feature_selection,0.9866666666666667,1.16,0.17333333333333334,0.17567567567567569,0.8505747126436781
119,lasso_feature_selection,0.02666666666666667,0.04,0.013333333333333334,0.5,0.0
119,adaptive_lasso_tuned,0.9333333333333333,0.9333333333333333,0.0,0.0,0.8857142857142857
120,boruta_selector,0.10126582278481013,0.10126582278481013,0.0,0.0,0.5
120,univariate_feature_selection,1.0,1.1012658227848102,0.10126582278481013,0.10126582278481013,0.9770114942528736
120,lasso_feature_selection,0.02531645569620253,0.0379746835443038,0.012658227848101266,0.5,0.0
120,adaptive_lasso_tuned,0.9493670886075949,0.9493670886075949,0.0,0.0,0.76
121,boruta_selector,0.16216216216216217,0.16216216216216217,0.0,0.0,0.4166666666666667
121,univariate_feature_selection,0.9864864864864865,1.1756756756756757,0.1891891891891892,0.1917808219178082,0.9425287356321839
121,lasso_feature_selection,0.02702702702702703,0.04054054054054054,0.013513513513513514,0.5,0.0
121,adaptive_lasso_tuned,0.9324324324324325,0.9459459459459459,0.013513513513513514,0.014492753623188406,0.8714285714285714
122,boruta_selector,0.14285714285714285,0.14285714285714285,0.0,0.0,0.5454545454545454
122,univariate_feature_selection,0.987012987012987,1.12987012987013,0.14285714285714285,0.14473684210526316,0.9195402298850575
122,lasso_feature_selection,0.025974025974025976,0.03896103896103896,0.012987012987012988,0.5,0.0
122,adaptive_lasso_tuned,0.987012987012987,0.987012987012987,0.0,0.0,0.881578947368421
123,boruta_selector,0.11842105263157894,0.11842105263157894,0.0,0.0,0.1111111111111111
123,univariate_feature_selection,0.9868421052631579,1.144736842105263,0.15789473684210525,0.16,0.9425287356321839
123,lasso_feature_selection,0.02631578947368421,0.039473684210526314,0.013157894736842105,0.5,0.0
123,adaptive_lasso_tuned,0.9736842105263158,0.9736842105263158,0.0,0.0,0.8513513513513513
124,boruta_selector,0.09333333333333334,0.10666666666666667,0.013333333333333334,0.14285714285714285,0.25
124,univariate_feature_selection,1.0,1.16,0.16,0.16,0.9885057471264368
124,lasso_feature_selection,0.02666666666666667,0.04,0.013333333333333334,0.5,0.0
124,adaptive_lasso_tuned,0.92,0.92,0.0,0.0,0.855072463768116
125,boruta_selector,0.13157894736842105,0.15789473684210525,0.02631578947368421,0.2,0.4166666666666667
125,univariate_feature_selection,0.9868421052631579,1.144736842105263,0.15789473684210525,0.16,0.9425287356321839
125,lasso_feature_selection,0.02631578947368421,0.039473684210526314,0.013157894736842105,0.5,0.0
125,adaptive_lasso_tuned,0.9605263157894737,0.9605263157894737,0.0,0.0,0.7808219178082192
126,boruta_selector,0.12162162162162163,0.13513513513513514,0.013513513513513514,0.1111111111111111,0.3
126,univariate_feature_selection,0.9864864864864865,1.1756756756756757,0.1891891891891892,0.1917808219178082,0.9425287356321839
126,lasso_feature_selection,0.02702702702702703,0.04054054054054054,0.013513513513513514,0.5,0.0
126,adaptive_lasso_tuned,0.9594594594594594,0.972972972972973,0.013513513513513514,0.014084507042253521,0.8888888888888888
127,boruta_selector,0.08860759493670886,0.08860759493670886,0.0,0.0,0.5714285714285714
127,univariate_feature_selection,0.9873417721518988,1.1012658227848102,0.11392405063291139,0.11538461538461539,0.9540229885057471
127,lasso_feature_selection,0.02531645569620253,0.0379746835443038,0.012658227848101266,0.5,0.0
127,adaptive_lasso_tuned,0.9240506329113924,0.9240506329113924,0.0,0.0,0.8356164383561644
128,boruta_selector,0.13157894736842105,0.13157894736842105,0.0,0.0,0.4
128,univariate_feature_selection,0.9868421052631579,1.144736842105263,0.15789473684210525,0.16,0.9655172413793104
128,lasso_feature_selection,0.02631578947368421,0.039473684210526314,0.013157894736842105,0.5,0.0
128,adaptive_lasso_tuned,0.9473684210526315,0.9473684210526315,0.0,0.0,0.75
129,boruta_selector,0.10256410256410256,0.10256410256410256,0.0,0.0,0.25
129,univariate_feature_selection,1.0,1.1153846153846154,0.11538461538461539,0.11538461538461539,0.9655172413793104
129,lasso_feature_selection,0.02564102564102564,0.038461538461538464,0.01282051282051282,0.5,0.0
129,adaptive_lasso_tuned,1.0,1.0,0.0,0.0,0.8974358974358975
130,boruta_selector,0.1282051282051282,0.15384615384615385,0.02564102564102564,0.2,0.5833333333333334
130,univariate_feature_selection,0.9871794871794872,1.1153846153846154,0.1282051282051282,0.12987012987012986,0.7241379310344828
130,lasso_feature_selection,0.02564102564102564,0.038461538461538464,0.01282051282051282,0.5,0.0
130,adaptive_lasso_tuned,0.9871794871794872,0.9871794871794872,0.0,0.0,0.8961038961038961
131,boruta_selector,0.13157894736842105,0.13157894736842105,0.0,0.0,0.5
131,univariate_feature_selection,0.9868421052631579,1.144736842105263,0.15789473684210525,0.16,0.8390804597701149
131,lasso_feature_selection,0.02631578947368421,0.039473684210526314,0.013157894736842105,0.5,0.0
131,adaptive_lasso_tuned,0.9078947368421053,0.9078947368421053,0.0,0.0,0.7391304347826086
132,boruta_selector,0.09722222222222222,0.1111111111111111,0.013888888888888888,0.14285714285714285,0.375
132,univariate_feature_selection,0.9861111111111112,1.2083333333333333,0.2222222222222222,0.22535211267605634,0.8505747126436781
132,lasso_feature_selection,0.027777777777777776,0.041666666666666664,0.013888888888888888,0.5,0.0
132,adaptive_lasso_tuned,0.9583333333333334,0.9583333333333334,0.0,0.0,0.8840579710144928
133,boruta_selector,0.10810810810810811,0.13513513513513514,0.02702702702702703,0.25,0.3
133,univariate_feature_selection,0.9864864864864865,1.1756756756756757,0.1891891891891892,0.1917808219178082,0.9540229885057471
133,lasso_feature_selection,0.013513513513513514,0.04054054054054054,0.02702702702702703,2.0,0.0
133,adaptive_lasso_tuned,0.972972972972973,0.972972972972973,0.0,0.0,0.8888888888888888
134,boruta_selector,0.1038961038961039,0.1038961038961039,0.0,0.0,0.375
134,univariate_feature_selection,0.987012987012987,1.12987012987013,0.14285714285714285,0.14473684210526316,0.8735632183908046
134,lasso_feature_selection,0.025974025974025976,0.03896103896103896,0.012987012987012988,0.5,0.0
134,adaptive_lasso_tuned,0.922077922077922,0.922077922077922,0.0,0.0,0.8591549295774648
135,boruta_selector,0.10666666666666667,0.10666666666666667,0.0,0.0,0.5
135,univariate_feature_selection,0.9866666666666667,1.16,0.17333333333333334,0.17567567567567569,0.6896551724137931
135,lasso_feature_selection,0.02666666666666667,0.04,0.013333333333333334,0.5,0.0
135,adaptive_lasso_tuned,0.9866666666666667,0.9866666666666667,0.0,0.0,0.8918918918918919
136,boruta_selector,0.12,0.13333333333333333,0.013333333333333334,0.1111111111111111,0.2
136,univariate_feature_selection,0.9866666666666667,1.16,0.17333333333333334,0.17567567567567569,0.9310344827586207
136,lasso_feature_selection,0.02666666666666667,0.04,0.013333333333333334,0.5,0.0
136,adaptive_lasso_tuned,0.9866666666666667,0.9866666666666667,0.0,0.0,0.8918918918918919
137,boruta_selector,0.07894736842105263,0.09210526315789473,0.013157894736842105,0.16666666666666666,0.2857142857142857
137,univariate_feature_selection,0.9868421052631579,1.144736842105263,0.15789473684210525,0.16,0.8850574712643678
137,lasso_feature_selection,0.02631578947368421,0.039473684210526314,0.013157894736842105,0.5,0.0
137,adaptive_lasso_tuned,0.9210526315789473,0.9210526315789473,0.0,0.0,0.8571428571428571
138,boruta_selector,0.07894736842105263,0.09210526315789473,0.013157894736842105,0.16666666666666666,0.2857142857142857
138,univariate_feature_selection,0.9868421052631579,1.144736842105263,0.15789473684210525,0.16,0.8850574712643678
138,lasso_feature_selection,0.02631578947368421,0.039473684210526314,0.013157894736842105,0.5,0.0
138,adaptive_lasso_tuned,0.9736842105263158,0.9736842105263158,0.0,0.0,0.8918918918918919
139,boruta_selector,0.08450704225352113,0.09859154929577464,0.014084507042253521,0.16666666666666666,0.14285714285714285
139,univariate_feature_selection,0.9859154929577465,1.2253521126760563,0.23943661971830985,0.24285714285714285,0.8160919540229885
139,lasso_feature_selection,0.028169014084507043,0.04225352112676056,0.014084507042253521,0.5,0.0
139,adaptive_lasso_tuned,0.7887323943661971,0.7887323943661971,0.0,0.0,0.5714285714285714
140,boruta_selector,0.1388888888888889,0.16666666666666666,0.027777777777777776,0.2,0.5
140,univariate_feature_selection,0.9861111111111112,1.2083333333333333,0.2222222222222222,0.22535211267605634,0.7126436781609196
140,lasso_feature_selection,0.027777777777777776,0.041666666666666664,0.013888888888888888,0.5,0.0
140,adaptive_lasso_tuned,0.8888888888888888,0.8888888888888888,0.0,0.0,0.734375
141,boruta_selector,0.14473684210526316,0.15789473684210525,0.013157894736842105,0.09090909090909091,0.16666666666666666
141,univariate_feature_selection,0.9868421052631579,1.144736842105263,0.15789473684210525,0.16,0.8505747126436781
141,lasso_feature_selection,0.02631578947368421,0.039473684210526314,0.013157894736842105,0.5,0.0
141,adaptive_lasso_tuned,0.9605263157894737,0.9736842105263158,0.013157894736842105,0.0136986301369863,0.8513513513513513
142,boruta_selector,0.10256410256410256,0.10256410256410256,0.0,0.0,0.25
142,univariate_feature_selection,0.9871794871794872,1.1153846153846154,0.1282051282051282,0.12987012987012986,0.9540229885057471
142,lasso_feature_selection,0.02564102564102564,0.038461538461538464,0.01282051282051282,0.5,0.0
142,adaptive_lasso_tuned,1.0,1.0,0.0,0.0,0.8974358974358975
143,boruta_selector,0.11688311688311688,0.12987012987012986,0.012987012987012988,0.1111111111111111,0.6
143,univariate_feature_selection,0.987012987012987,1.12987012987013,0.14285714285714285,0.14473684210526316,0.6896551724137931
143,lasso_feature_selection,0.025974025974025976,0.03896103896103896,0.012987012987012988,0.5,0.0
143,adaptive_lasso_tuned,0.987012987012987,0.987012987012987,0.0,0.0,0.8947368421052632
144,boruta_selector,0.13333333333333333,0.13333333333333333,0.0,0.0,0.6
144,univariate_feature_selection,0.9733333333333334,1.1466666666666667,0.17333333333333334,0.1780821917808219,0.9186046511627907
144,lasso_feature_selection,0.02666666666666667,0.04,0.013333333333333334,0.5,0.0
144,adaptive_lasso_tuned,0.9733333333333334,0.9733333333333334,0.0,0.0,0.821917808219178
145,boruta_selector,0.11538461538461539,0.11538461538461539,0.0,0.0,0.6666666666666666
145,univariate_feature_selection,0.9871794871794872,1.1153846153846154,0.1282051282051282,0.12987012987012986,0.896551724137931
145,lasso_feature_selection,0.02564102564102564,0.038461538461538464,0.01282051282051282,0.5,0.0
145,adaptive_lasso_tuned,0.9871794871794872,0.9871794871794872,0.0,0.0,0.8961038961038961
146,boruta_selector,0.09210526315789473,0.09210526315789473,0.0,0.0,0.7142857142857143
146,univariate_feature_selection,0.9868421052631579,1.144736842105263,0.15789473684210525,0.16,0.9425287356321839
146,lasso_feature_selection,0.02631578947368421,0.039473684210526314,0.013157894736842105,0.5,0.0
146,adaptive_lasso_tuned,0.9605263157894737,0.9605263157894737,0.0,0.0,0.8904109589041096
147,boruta_selector,0.17105263157894737,0.18421052631578946,0.013157894736842105,0.07692307692307693,0.5714285714285714
147,univariate_feature_selection,0.9736842105263158,1.131578947368421,0.15789473684210525,0.16216216216216217,0.7906976744186046
147,lasso_feature_selection,0.02631578947368421,0.039473684210526314,0.013157894736842105,0.5,0.0
147,adaptive_lasso_tuned,0.881578947368421,0.881578947368421,0.0,0.0,0.7164179104477612
148,boruta_selector,0.18666666666666668,0.2,0.013333333333333334,0.07142857142857142,0.6
148,univariate_feature_selection,1.0,1.16,0.16,0.16,0.9655172413793104
148,lasso_feature_selection,0.02666666666666667,0.04,0.013333333333333334,0.5,0.0
148,adaptive_lasso_tuned,0.88,0.88,0.0,0.0,0.9090909090909091
149,boruta_selector,0.10126582278481013,0.10126582278481013,0.0,0.0,0.5
149,univariate_feature_selection,0.9873417721518988,1.1012658227848102,0.11392405063291139,0.11538461538461539,0.8620689655172413
149,lasso_feature_selection,0.02531645569620253,0.0379746835443038,0.012658227848101266,0.5,0.0
149,adaptive_lasso_tuned,0.9240506329113924,0.9240506329113924,0.0,0.0,0.6301369863013698
150,boruta_selector,0.09210526315789473,0.09210526315789473,0.0,0.0,0.14285714285714285
150,univariate_feature_selection,0.9868421052631579,1.144736842105263,0.15789473684210525,0.16,0.7126436781609196
150,lasso_feature_selection,0.02631578947368421,0.039473684210526314,0.013157894736842105,0.5,0.0
150,adaptive_lasso_tuned,0.9210526315789473,0.9210526315789473,0.0,0.0,0.8714285714285714
151,boruta_selector,0.14102564102564102,0.15384615384615385,0.01282051282051282,0.09090909090909091,0.3333333333333333
151,univariate_feature_selection,1.0,1.1153846153846154,0.11538461538461539,0.11538461538461539,1.0
151,lasso_feature_selection,0.02564102564102564,0.038461538461538464,0.01282051282051282,0.5,0.0
151,adaptive_lasso_tuned,0.8333333333333334,0.8333333333333334,0.0,0.0,0.7384615384615385
152,boruta_selector,0.09210526315789473,0.09210526315789473,0.0,0.0,0.2857142857142857
152,univariate_feature_selection,0.9868421052631579,1.144736842105263,0.15789473684210525,0.16,0.9195402298850575
152,lasso_feature_selection,0.02631578947368421,0.039473684210526314,0.013157894736842105,0.5,0.0
152,adaptive_lasso_tuned,0.9342105263157895,0.9342105263157895,0.0,0.0,0.8309859154929577
153,boruta_selector,0.125,0.1527777777777778,0.027777777777777776,0.2222222222222222,0.36363636363636365
153,univariate_feature_selection,0.9861111111111112,1.2083333333333333,0.2222222222222222,0.22535211267605634,0.9080459770114943
153,lasso_feature_selection,0.027777777777777776,0.041666666666666664,0.013888888888888888,0.5,0.0
153,adaptive_lasso_tuned,0.9027777777777778,0.9027777777777778,0.0,0.0,0.7846153846153846
154,boruta_selector,0.10810810810810811,0.10810810810810811,0.0,0.0,0.5
154,univariate_feature_selection,0.9864864864864865,1.1756756756756757,0.1891891891891892,0.1917808219178082,0.9310344827586207
154,lasso_feature_selection,0.02702702702702703,0.04054054054054054,0.013513513513513514,0.5,0.0
154,adaptive_lasso_tuned,0.9459459459459459,0.9459459459459459,0.0,0.0,0.8857142857142857
155,boruta_selector,0.10810810810810811,0.12162162162162163,0.013513513513513514,0.125,0.2222222222222222
155,univariate_feature_selection,0.9864864864864865,1.1756756756756757,0.1891891891891892,0.1917808219178082,0.896551724137931
155,lasso_feature_selection,0.02702702702702703,0.04054054054054054,0.013513513513513514,0.5,0.0
155,adaptive_lasso_tuned,1.0,1.0135135135135136,0.013513513513513514,0.013513513513513514,0.8933333333333333
156,boruta_selector,0.1506849315068493,0.1506849315068493,0.0,0.0,0.45454545454545453
156,univariate_feature_selection,0.8493150684931506,1.0273972602739727,0.1780821917808219,0.20967741935483872,0.68
156,lasso_feature_selection,0.0273972602739726,0.0410958904109589,0.0136986301369863,0.5,0.0
156,adaptive_lasso_tuned,0.9041095890410958,0.9041095890410958,0.0,0.0,0.7878787878787878
157,boruta_selector,0.189873417721519,0.21518987341772153,0.02531645569620253,0.13333333333333333,0.5294117647058824
157,univariate_feature_selection,0.9873417721518988,1.1012658227848102,0.11392405063291139,0.11538461538461539,0.9195402298850575
157,lasso_feature_selection,0.02531645569620253,0.0379746835443038,0.012658227848101266,0.5,0.0
157,adaptive_lasso_tuned,0.9240506329113924,0.9240506329113924,0.0,0.0,0.8767123287671232
158,boruta_selector,0.09333333333333334,0.10666666666666667,0.013333333333333334,0.14285714285714285,0.375
158,univariate_feature_selection,0.9866666666666667,1.16,0.17333333333333334,0.17567567567567569,0.7701149425287356
158,lasso_feature_selection,0.02666666666666667,0.04,0.013333333333333334,0.5,0.0
158,adaptive_lasso_tuned,1.0,1.0,0.0,0.0,0.8933333333333333
159,boruta_selector,0.14102564102564102,0.15384615384615385,0.01282051282051282,0.09090909090909091,0.5
159,univariate_feature_selection,0.9871794871794872,1.1153846153846154,0.1282051282051282,0.12987012987012986,0.896551724137931
159,lasso_feature_selection,0.02564102564102564,0.038461538461538464,0.01282051282051282,0.5,0.0
159,adaptive_lasso_tuned,0.9358974358974359,0.9358974358974359,0.0,0.0,0.8493150684931506
160,boruta_selector,0.11842105263157894,0.13157894736842105,0.013157894736842105,0.1111111111111111,0.3
160,univariate_feature_selection,0.9868421052631579,1.144736842105263,0.15789473684210525,0.16,0.8620689655172413
160,lasso_feature_selection,0.02631578947368421,0.039473684210526314,0.013157894736842105,0.5,0.0
160,adaptive_lasso_tuned,0.9605263157894737,0.9605263157894737,0.0,0.0,0.8767123287671232
161,boruta_selector,0.07792207792207792,0.09090909090909091,0.012987012987012988,0.16666666666666666,0.2857142857142857
161,univariate_feature_selection,0.987012987012987,1.12987012987013,0.14285714285714285,0.14473684210526316,0.8735632183908046
161,lasso_feature_selection,0.025974025974025976,0.03896103896103896,0.012987012987012988,0.5,0.0
161,adaptive_lasso_tuned,0.961038961038961,0.961038961038961,0.0,0.0,0.8918918918918919
162,boruta_selector,0.11538461538461539,0.1282051282051282,0.01282051282051282,0.1111111111111111,0.5
162,univariate_feature_selection,0.9871794871794872,1.1153846153846154,0.1282051282051282,0.12987012987012986,0.8850574712643678
162,lasso_feature_selection,0.02564102564102564,0.038461538461538464,0.01282051282051282,0.5,0.0
162,adaptive_lasso_tuned,0.9615384615384616,0.9615384615384616,0.0,0.0,0.8933333333333333
163,boruta_selector,0.09090909090909091,0.1038961038961039,0.012987012987012988,0.14285714285714285,0.5
163,univariate_feature_selection,0.987012987012987,1.12987012987013,0.14285714285714285,0.14473684210526316,0.7586206896551724
163,lasso_feature_selection,0.012987012987012988,0.03896103896103896,0.025974025974025976,2.0,0.0
163,adaptive_lasso_tuned,0.7662337662337663,0.7662337662337663,0.0,0.0,0.9152542372881356
164,boruta_selector,0.08,0.08,0.0,0.0,0.16666666666666666
164,univariate_feature_selection,0.9866666666666667,1.16,0.17333333333333334,0.17567567567567569,0.8620689655172413
164,lasso_feature_selection,0.02666666666666667,0.04,0.013333333333333334,0.5,0.0
164,adaptive_lasso_tuned,1.0,1.0,0.0,0.0,0.8933333333333333
165,boruta_selector,0.06756756756756757,0.06756756756756757,0.0,0.0,0.2
165,univariate_feature_selection,0.9864864864864865,1.1756756756756757,0.1891891891891892,0.1917808219178082,0.6666666666666666
165,lasso_feature_selection,0.02702702702702703,0.04054054054054054,0.013513513513513514,0.5,0.0
165,adaptive_lasso_tuned,0.972972972972973,0.9864864864864865,0.013513513513513514,0.013888888888888888,0.8904109589041096
166,boruta_selector,0.10666666666666667,0.10666666666666667,0.0,0.0,0.5
166,univariate_feature_selection,1.0,1.16,0.16,0.16,0.9540229885057471
166,lasso_feature_selection,0.02666666666666667,0.04,0.013333333333333334,0.5,0.0
166,adaptive_lasso_tuned,0.9733333333333334,0.9733333333333334,0.0,0.0,0.8767123287671232
167,boruta_selector,0.10126582278481013,0.11392405063291139,0.012658227848101266,0.125,0.4444444444444444
167,univariate_feature_selection,0.9873417721518988,1.1012658227848102,0.11392405063291139,0.11538461538461539,0.8045977011494253
167,lasso_feature_selection,0.02531645569620253,0.0379746835443038,0.012658227848101266,0.5,0.0
167,adaptive_lasso_tuned,0.9873417721518988,0.9873417721518988,0.0,0.0,0.8974358974358975
168,boruta_selector,0.17333333333333334,0.17333333333333334,0.0,0.0,0.23076923076923078
168,univariate_feature_selection,0.9866666666666667,1.16,0.17333333333333334,0.17567567567567569,0.896551724137931
168,lasso_feature_selection,0.02666666666666667,0.04,0.013333333333333334,0.5,0.0
168,adaptive_lasso_tuned,0.9866666666666667,0.9866666666666667,0.0,0.0,0.8918918918918919
169,boruta_selector,0.11688311688311688,0.12987012987012986,0.012987012987012988,0.1111111111111111,0.2
169,univariate_feature_selection,0.987012987012987,1.12987012987013,0.14285714285714285,0.14473684210526316,0.9080459770114943
169,lasso_feature_selection,0.025974025974025976,0.03896103896103896,0.012987012987012988,0.5,0.0
169,adaptive_lasso_tuned,0.974025974025974,0.974025974025974,0.0,0.0,0.88
170,boruta_selector,0.12987012987012986,0.14285714285714285,0.012987012987012988,0.1,0.36363636363636365
170,univariate_feature_selection,0.987012987012987,1.12987012987013,0.14285714285714285,0.14473684210526316,0.7126436781609196
170,lasso_feature_selection,0.025974025974025976,0.05194805194805195,0.025974025974025976,1.0,0.25
170,adaptive_lasso_tuned,1.0,1.0129870129870129,0.012987012987012988,0.012987012987012988,0.8974358974358975
171,boruta_selector,0.12162162162162163,0.12162162162162163,0.0,0.0,0.1111111111111111
171,univariate_feature_selection,0.9864864864864865,1.1756756756756757,0.1891891891891892,0.1917808219178082,0.8735632183908046
171,lasso_feature_selection,0.02702702702702703,0.04054054054054054,0.013513513513513514,0.5,0.0
171,adaptive_lasso_tuned,0.9594594594594594,0.972972972972973,0.013513513513513514,0.014084507042253521,0.8611111111111112
172,boruta_selector,0.13513513513513514,0.13513513513513514,0.0,0.0,0.3
172,univariate_feature_selection,1.0,1.1756756756756757,0.17567567567567569,0.17567567567567569,0.9310344827586207
172,lasso_feature_selection,0.02702702702702703,0.04054054054054054,0.013513513513513514,0.5,0.0
172,adaptive_lasso_tuned,0.9594594594594594,0.972972972972973,0.013513513513513514,0.014084507042253521,0.875
173,boruta_selector,0.11842105263157894,0.11842105263157894,0.0,0.0,0.2222222222222222
173,univariate_feature_selection,0.9605263157894737,1.118421052631579,0.15789473684210525,0.1643835616438356,0.8470588235294118
173,lasso_feature_selection,0.02631578947368421,0.039473684210526314,0.013157894736842105,0.5,0.0
173,adaptive_lasso_tuned,0.9736842105263158,0.9736842105263158,0.0,0.0,0.8378378378378378
174,boruta_selector,0.16883116883116883,0.19480519480519481,0.025974025974025976,0.15384615384615385,0.2
174,univariate_feature_selection,1.0,1.12987012987013,0.12987012987012986,0.12987012987012986,0.9195402298850575
174,lasso_feature_selection,0.025974025974025976,0.03896103896103896,0.012987012987012988,0.5,0.0
174,adaptive_lasso_tuned,0.948051948051948,0.948051948051948,0.0,0.0,0.8493150684931506
175,boruta_selector,0.10810810810810811,0.10810810810810811,0.0,0.0,0.125
175,univariate_feature_selection,0.9864864864864865,1.1756756756756757,0.1891891891891892,0.1917808219178082,0.9425287356321839
175,lasso_feature_selection,0.02702702702702703,0.04054054054054054,0.013513513513513514,0.5,0.0
175,adaptive_lasso_tuned,0.972972972972973,0.972972972972973,0.0,0.0,0.8888888888888888
176,boruta_selector,0.10666666666666667,0.10666666666666667,0.0,0.0,0.375
176,univariate_feature_selection,1.0,1.16,0.16,0.16,1.0
176,lasso_feature_selection,0.02666666666666667,0.04,0.013333333333333334,0.5,0.0
176,adaptive_lasso_tuned,0.9733333333333334,0.9733333333333334,0.0,0.0,0.8904109589041096
177,boruta_selector,0.09090909090909091,0.09090909090909091,0.0,0.0,0.42857142857142855
177,univariate_feature_selection,0.987012987012987,1.12987012987013,0.14285714285714285,0.14473684210526316,0.8850574712643678
177,lasso_feature_selection,0.025974025974025976,0.03896103896103896,0.012987012987012988,0.5,0.0
177,adaptive_lasso_tuned,0.948051948051948,0.948051948051948,0.0,0.0,0.8904109589041096
178,boruta_selector,0.09210526315789473,0.10526315789473684,0.013157894736842105,0.14285714285714285,0.375
178,univariate_feature_selection,0.9868421052631579,1.144736842105263,0.15789473684210525,0.16,0.6436781609195402
178,lasso_feature_selection,0.02631578947368421,0.039473684210526314,0.013157894736842105,0.5,0.0
178,adaptive_lasso_tuned,1.0,1.0,0.0,0.0,0.8947368421052632
179,boruta_selector,0.11842105263157894,0.11842105263157894,0.0,0.0,0.3333333333333333
179,univariate_feature_selection,1.0,1.144736842105263,0.14473684210526316,0.14473684210526316,0.9080459770114943
179,lasso_feature_selection,0.02631578947368421,0.039473684210526314,0.013157894736842105,0.5,0.0
179,adaptive_lasso_tuned,0.9605263157894737,0.9605263157894737,0.0,0.0,0.8904109589041096
180,boruta_selector,0.15584415584415584,0.15584415584415584,0.0,0.0,0.6666666666666666
180,univariate_feature_selection,0.987012987012987,1.12987012987013,0.14285714285714285,0.14473684210526316,0.8620689655172413
180,lasso_feature_selection,0.025974025974025976,0.03896103896103896,0.012987012987012988,0.5,0.0
180,adaptive_lasso_tuned,0.961038961038961,0.961038961038961,0.0,0.0,0.8243243243243243
181,boruta_selector,0.10810810810810811,0.13513513513513514,0.02702702702702703,0.25,0.4
181,univariate_feature_selection,1.0,1.1756756756756757,0.17567567567567569,0.17567567567567569,0.9310344827586207
181,lasso_feature_selection,0.02702702702702703,0.04054054054054054,0.013513513513513514,0.5,0.0
181,adaptive_lasso_tuned,1.0,1.0,0.0,0.0,0.9594594594594594
182,boruta_selector,0.15384615384615385,0.15384615384615385,0.0,0.0,0.3333333333333333
182,univariate_feature_selection,0.9487179487179487,1.064102564102564,0.11538461538461539,0.12162162162162163,0.6265060240963856
182,lasso_feature_selection,0.02564102564102564,0.038461538461538464,0.01282051282051282,0.5,0.0
182,adaptive_lasso_tuned,0.9487179487179487,0.9615384615384616,0.01282051282051282,0.013513513513513514,0.88
183,boruta_selector,0.10526315789473684,0.11842105263157894,0.013157894736842105,0.125,0.4444444444444444
183,univariate_feature_selection,0.9868421052631579,1.144736842105263,0.15789473684210525,0.16,0.8045977011494253
183,lasso_feature_selection,0.02631578947368421,0.039473684210526314,0.013157894736842105,0.5,0.0
183,adaptive_lasso_tuned,0.9868421052631579,0.9868421052631579,0.0,0.0,0.8533333333333334
184,boruta_selector,0.10810810810810811,0.13513513513513514,0.02702702702702703,0.25,0.3
184,univariate_feature_selection,0.972972972972973,1.162162162162162,0.1891891891891892,0.19444444444444445,0.7093023255813954
184,lasso_feature_selection,0.02702702702702703,0.04054054054054054,0.013513513513513514,0.5,0.0
184,adaptive_lasso_tuned,0.9054054054054054,0.9054054054054054,0.0,0.0,0.6716417910447762
185,boruta_selector,0.13157894736842105,0.17105263157894737,0.039473684210526314,0.3,0.5384615384615384
185,univariate_feature_selection,0.9868421052631579,1.144736842105263,0.15789473684210525,0.16,0.9540229885057471
185,lasso_feature_selection,0.013157894736842105,0.039473684210526314,0.02631578947368421,2.0,0.0
185,adaptive_lasso_tuned,0.9342105263157895,0.9342105263157895,0.0,0.0,0.8732394366197183
186,boruta_selector,0.15789473684210525,0.15789473684210525,0.0,0.0,0.4166666666666667
186,univariate_feature_selection,0.9868421052631579,1.144736842105263,0.15789473684210525,0.16,0.9080459770114943
186,lasso_feature_selection,0.02631578947368421,0.039473684210526314,0.013157894736842105,0.5,0.0
186,adaptive_lasso_tuned,0.868421052631579,0.868421052631579,0.0,0.0,0.6666666666666666
187,boruta_selector,0.12,0.13333333333333333,0.013333333333333334,0.1111111111111111,0.3
187,univariate_feature_selection,0.9866666666666667,1.16,0.17333333333333334,0.17567567567567569,0.8390804597701149
187,lasso_feature_selection,0.013333333333333334,0.04,0.02666666666666667,2.0,0.0
187,adaptive_lasso_tuned,0.96,0.96,0.0,0.0,0.9166666666666666
188,boruta_selector,0.11842105263157894,0.11842105263157894,0.0,0.0,0.6666666666666666
188,univariate_feature_selection,0.9868421052631579,1.144736842105263,0.15789473684210525,0.16,0.896551724137931
188,lasso_feature_selection,0.02631578947368421,0.039473684210526314,0.013157894736842105,0.5,0.0
188,adaptive_lasso_tuned,0.9736842105263158,0.9736842105263158,0.0,0.0,0.8918918918918919
189,boruta_selector,0.10666666666666667,0.10666666666666667,0.0,0.0,0.25
189,univariate_feature_selection,0.9866666666666667,1.16,0.17333333333333334,0.17567567567567569,0.9310344827586207
189,lasso_feature_selection,0.02666666666666667,0.04,0.013333333333333334,0.5,0.0
189,adaptive_lasso_tuned,0.9733333333333334,0.9733333333333334,0.0,0.0,0.8904109589041096
190,boruta_selector,0.09210526315789473,0.09210526315789473,0.0,0.0,0.0
190,univariate_feature_selection,0.9736842105263158,1.131578947368421,0.15789473684210525,0.16216216216216217,0.9069767441860465
190,lasso_feature_selection,0.02631578947368421,0.039473684210526314,0.013157894736842105,0.5,0.0
190,adaptive_lasso_tuned,0.9868421052631579,0.9868421052631579,0.0,0.0,0.88
191,boruta_selector,0.12,0.12,0.0,0.0,0.4444444444444444
191,univariate_feature_selection,0.9866666666666667,1.16,0.17333333333333334,0.17567567567567569,0.9425287356321839
191,lasso_feature_selection,0.02666666666666667,0.04,0.013333333333333334,0.5,0.0
191,adaptive_lasso_tuned,0.9333333333333333,0.9333333333333333,0.0,0.0,0.8428571428571429
192,boruta_selector,0.1095890410958904,0.1095890410958904,0.0,0.0,0.375
192,univariate_feature_selection,0.9863013698630136,1.178082191780822,0.1917808219178082,0.19444444444444445,0.7325581395348837
192,lasso_feature_selection,0.0136986301369863,0.0410958904109589,0.0273972602739726,2.0,0.0
192,adaptive_lasso_tuned,0.8767123287671232,0.8767123287671232,0.0,0.0,0.71875
193,boruta_selector,0.14473684210526316,0.15789473684210525,0.013157894736842105,0.09090909090909091,0.5
193,univariate_feature_selection,0.9868421052631579,1.144736842105263,0.15789473684210525,0.16,0.9310344827586207
193,lasso_feature_selection,0.02631578947368421,0.039473684210526314,0.013157894736842105,0.5,0.0
193,adaptive_lasso_tuned,0.9605263157894737,0.9736842105263158,0.013157894736842105,0.0136986301369863,0.8108108108108109
194,boruta_selector,0.13333333333333333,0.14666666666666667,0.013333333333333334,0.1,0.18181818181818182
194,univariate_feature_selection,0.9866666666666667,1.16,0.17333333333333334,0.17567567567567569,0.8850574712643678
194,lasso_feature_selection,0.02666666666666667,0.04,0.013333333333333334,0.5,0.0
194,adaptive_lasso_tuned,0.9866666666666667,1.0,0.013333333333333334,0.013513513513513514,0.8933333333333333
195,boruta_selector,0.16,0.16,0.0,0.0,0.4166666666666667
195,univariate_feature_selection,0.9866666666666667,1.16,0.17333333333333334,0.17567567567567569,0.9655172413793104
195,lasso_feature_selection,0.02666666666666667,0.04,0.013333333333333334,0.5,0.0
195,adaptive_lasso_tuned,0.9866666666666667,1.0,0.013333333333333334,0.013513513513513514,0.9333333333333333
196,boruta_selector,0.0945945945945946,0.0945945945945946,0.0,0.0,0.14285714285714285
196,univariate_feature_selection,0.9864864864864865,1.1756756756756757,0.1891891891891892,0.1917808219178082,0.7011494252873564
196,lasso_feature_selection,0.02702702702702703,0.04054054054054054,0.013513513513513514,0.5,0.0
196,adaptive_lasso_tuned,0.972972972972973,0.9864864864864865,0.013513513513513514,0.013888888888888888,0.8767123287671232
197,boruta_selector,0.0945945945945946,0.10810810810810811,0.013513513513513514,0.14285714285714285,0.25
197,univariate_feature_selection,1.0,1.1756756756756757,0.17567567567567569,0.17567567567567569,0.9655172413793104
197,lasso_feature_selection,0.02702702702702703,0.04054054054054054,0.013513513513513514,0.5,0.0
197,adaptive_lasso_tuned,0.9459459459459459,0.9459459459459459,0.0,0.0,0.7714285714285715
198,boruta_selector,0.14473684210526316,0.15789473684210525,0.013157894736842105,0.09090909090909091,0.3333333333333333
198,univariate_feature_selection,0.9868421052631579,1.144736842105263,0.15789473684210525,0.16,0.7126436781609196
198,lasso_feature_selection,0.02631578947368421,0.039473684210526314,0.013157894736842105,0.5,0.0
198,adaptive_lasso_tuned,0.9605263157894737,0.9736842105263158,0.013157894736842105,0.0136986301369863,0.9054054054054054
199,boruta_selector,0.09210526315789473,0.09210526315789473,0.0,0.0,0.2857142857142857
199,univariate_feature_selection,0.9868421052631579,1.144736842105263,0.15789473684210525,0.16,0.9310344827586207
199,lasso_feature_selection,0.02631578947368421,0.039473684210526314,0.013157894736842105,0.5,0.0
199,adaptive_lasso_tuned,0.9868421052631579,1.0,0.013157894736842105,0.013333333333333334,0.8947368421052632
200,boruta_selector,0.09090909090909091,0.1038961038961039,0.012987012987012988,0.14285714285714285,0.375
200,univariate_feature_selection,0.987012987012987,1.12987012987013,0.14285714285714285,0.14473684210526316,0.8620689655172413
200,lasso_feature_selection,0.025974025974025976,0.03896103896103896,0.012987012987012988,0.5,0.3333333333333333
200,adaptive_lasso_tuned,0.974025974025974,0.974025974025974,0.0,0.0,0.8666666666666667
201,boruta_selector,0.09722222222222222,0.1111111111111111,0.013888888888888888,0.14285714285714285,0.125
201,univariate_feature_selection,0.9861111111111112,1.2083333333333333,0.2222222222222222,0.22535211267605634,0.8850574712643678
201,lasso_feature_selection,0.027777777777777776,0.05555555555555555,0.027777777777777776,1.0,0.25
201,adaptive_lasso_tuned,0.9444444444444444,0.9444444444444444,0.0,0.0,0.7647058823529411
202,boruta_selector,0.14285714285714285,0.16883116883116883,0.025974025974025976,0.18181818181818182,0.5384615384615384
202,univariate_feature_selection,0.987012987012987,1.12987012987013,0.14285714285714285,0.14473684210526316,0.8390804597701149
202,lasso_feature_selection,0.025974025974025976,0.03896103896103896,0.012987012987012988,0.5,0.0
202,adaptive_lasso_tuned,0.961038961038961,0.961038961038961,0.0,0.0,0.8108108108108109
203,boruta_selector,0.08860759493670886,0.08860759493670886,0.0,0.0,0.0
203,univariate_feature_selection,0.9873417721518988,1.1012658227848102,0.11392405063291139,0.11538461538461539,0.9310344827586207
203,lasso_feature_selection,0.02531645569620253,0.0379746835443038,0.012658227848101266,0.5,0.0
203,adaptive_lasso_tuned,0.9620253164556962,0.9620253164556962,0.0,0.0,0.8552631578947368
204,boruta_selector,0.18666666666666668,0.18666666666666668,0.0,0.0,0.5
204,univariate_feature_selection,0.9866666666666667,1.16,0.17333333333333334,0.17567567567567569,0.9310344827586207
204,lasso_feature_selection,0.02666666666666667,0.04,0.013333333333333334,0.5,0.0
204,adaptive_lasso_tuned,0.9866666666666667,0.9866666666666667,0.0,0.0,0.8918918918918919
205,boruta_selector,0.07792207792207792,0.09090909090909091,0.012987012987012988,0.16666666666666666,0.2857142857142857
205,univariate_feature_selection,0.987012987012987,1.12987012987013,0.14285714285714285,0.14473684210526316,0.8850574712643678
205,lasso_feature_selection,0.012987012987012988,0.03896103896103896,0.025974025974025976,2.0,0.0
205,adaptive_lasso_tuned,0.8961038961038961,0.8961038961038961,0.0,0.0,0.7536231884057971
206,boruta_selector,0.15584415584415584,0.15584415584415584,0.0,0.0,0.4166666666666667
206,univariate_feature_selection,0.987012987012987,1.12987012987013,0.14285714285714285,0.14473684210526316,0.9540229885057471
206,lasso_feature_selection,0.025974025974025976,0.03896103896103896,0.012987012987012988,0.5,0.0
206,adaptive_lasso_tuned,0.961038961038961,0.961038961038961,0.0,0.0,0.7297297297297297
207,boruta_selector,0.11842105263157894,0.13157894736842105,0.013157894736842105,0.1111111111111111,0.5
207,univariate_feature_selection,0.9868421052631579,1.144736842105263,0.15789473684210525,0.16,0.8735632183908046
207,lasso_feature_selection,0.02631578947368421,0.039473684210526314,0.013157894736842105,0.5,0.0
207,adaptive_lasso_tuned,0.8552631578947368,0.8552631578947368,0.0,0.0,0.4307692307692308
208,boruta_selector,0.12,0.14666666666666667,0.02666666666666667,0.2222222222222222,0.36363636363636365
208,univariate_feature_selection,0.9866666666666667,1.16,0.17333333333333334,0.17567567567567569,0.9655172413793104
208,lasso_feature_selection,0.02666666666666667,0.04,0.013333333333333334,0.5,0.0
208,adaptive_lasso_tuned,0.96,0.9733333333333334,0.013333333333333334,0.013888888888888888,0.8767123287671232
209,boruta_selector,0.1038961038961039,0.11688311688311688,0.012987012987012988,0.125,0.1111111111111111
209,univariate_feature_selection,0.987012987012987,1.12987012987013,0.14285714285714285,0.14473684210526316,0.9540229885057471
209,lasso_feature_selection,0.025974025974025976,0.03896103896103896,0.012987012987012988,0.5,0.0
209,adaptive_lasso_tuned,0.8571428571428571,0.8571428571428571,0.0,0.0,0.5606060606060606
210,boruta_selector,0.08974358974358974,0.10256410256410256,0.01282051282051282,0.14285714285714285,0.125
210,univariate_feature_selection,0.9871794871794872,1.1153846153846154,0.1282051282051282,0.12987012987012986,0.9310344827586207
210,lasso_feature_selection,0.02564102564102564,0.038461538461538464,0.01282051282051282,0.5,0.0
210,adaptive_lasso_tuned,0.9615384615384616,0.9615384615384616,0.0,0.0,0.8933333333333333
211,boruta_selector,0.09090909090909091,0.11688311688311688,0.025974025974025976,0.2857142857142857,0.2222222222222222
211,univariate_feature_selection,0.987012987012987,1.12987012987013,0.14285714285714285,0.14473684210526316,0.9195402298850575
211,lasso_feature_selection,0.025974025974025976,0.03896103896103896,0.012987012987012988,0.5,0.0
211,adaptive_lasso_tuned,0.987012987012987,0.987012987012987,0.0,0.0,0.8947368421052632
212,boruta_selector,0.16,0.16,0.0,0.0,0.4166666666666667
212,univariate_feature_selection,0.9866666666666667,1.16,0.17333333333333334,0.17567567567567569,0.9540229885057471
212,lasso_feature_selection,0.02666666666666667,0.04,0.013333333333333334,0.5,0.0
212,adaptive_lasso_tuned,1.0,1.0,0.0,0.0,0.8933333333333333
213,boruta_selector,0.13157894736842105,0.13157894736842105,0.0,0.0,0.3
213,univariate_feature_selection,0.9868421052631579,1.144736842105263,0.15789473684210525,0.16,0.9540229885057471
213,lasso_feature_selection,0.013157894736842105,0.05263157894736842,0.039473684210526314,3.0,0.25
213,adaptive_lasso_tuned,1.0,1.0,0.0,0.0,0.881578947368421
214,boruta_selector,0.11688311688311688,0.12987012987012986,0.012987012987012988,0.1111111111111111,0.5
214,univariate_feature_selection,0.987012987012987,1.1168831168831168,0.12987012987012986,0.13157894736842105,0.7209302325581395
214,lasso_feature_selection,0.025974025974025976,0.03896103896103896,0.012987012987012988,0.5,0.0
214,adaptive_lasso_tuned,0.974025974025974,0.974025974025974,0.0,0.0,0.88
215,boruta_selector,0.08974358974358974,0.10256410256410256,0.01282051282051282,0.14285714285714285,0.375
215,univariate_feature_selection,0.9871794871794872,1.1153846153846154,0.1282051282051282,0.12987012987012986,0.6896551724137931
215,lasso_feature_selection,0.02564102564102564,0.038461538461538464,0.01282051282051282,0.5,0.3333333333333333
215,adaptive_lasso_tuned,0.8846153846153846,0.8846153846153846,0.0,0.0,0.7391304347826086
216,boruta_selector,0.10526315789473684,0.10526315789473684,0.0,0.0,0.25
216,univariate_feature_selection,0.9868421052631579,1.144736842105263,0.15789473684210525,0.16,0.7241379310344828
216,lasso_feature_selection,0.02631578947368421,0.039473684210526314,0.013157894736842105,0.5,0.0
216,adaptive_lasso_tuned,0.9736842105263158,0.9736842105263158,0.0,0.0,0.8918918918918919
217,boruta_selector,0.0945945945945946,0.0945945945945946,0.0,0.0,0.2857142857142857
217,univariate_feature_selection,0.9864864864864865,1.1756756756756757,0.1891891891891892,0.1917808219178082,0.8620689655172413
217,lasso_feature_selection,0.02702702702702703,0.04054054054054054,0.013513513513513514,0.5,0.0
217,adaptive_lasso_tuned,0.972972972972973,0.972972972972973,0.0,0.0,0.8888888888888888
218,boruta_selector,0.10526315789473684,0.10526315789473684,0.0,0.0,0.125
218,univariate_feature_selection,0.9868421052631579,1.144736842105263,0.15789473684210525,0.16,0.735632183908046
218,lasso_feature_selection,0.02631578947368421,0.039473684210526314,0.013157894736842105,0.5,0.0
218,adaptive_lasso_tuned,0.8947368421052632,0.8947368421052632,0.0,0.0,0.7058823529411765
219,boruta_selector,0.10256410256410256,0.10256410256410256,0.0,0.0,0.25
219,univariate_feature_selection,0.9871794871794872,1.1153846153846154,0.1282051282051282,0.12987012987012986,0.7471264367816092
219,lasso_feature_selection,0.02564102564102564,0.038461538461538464,0.01282051282051282,0.5,0.0
219,adaptive_lasso_tuned,0.9743589743589743,0.9743589743589743,0.0,0.0,0.881578947368421
220,boruta_selector,0.10666666666666667,0.12,0.013333333333333334,0.125,0.3333333333333333
220,univariate_feature_selection,0.9866666666666667,1.16,0.17333333333333334,0.17567567567567569,0.9885057471264368
220,lasso_feature_selection,0.02666666666666667,0.04,0.013333333333333334,0.5,0.0
220,adaptive_lasso_tuned,0.9333333333333333,0.9333333333333333,0.0,0.0,0.8857142857142857
221,boruta_selector,0.09090909090909091,0.1038961038961039,0.012987012987012988,0.14285714285714285,0.25
221,univariate_feature_selection,0.987012987012987,1.12987012987013,0.14285714285714285,0.14473684210526316,0.8850574712643678
221,lasso_feature_selection,0.025974025974025976,0.03896103896103896,0.012987012987012988,0.5,0.0
221,adaptive_lasso_tuned,0.961038961038961,0.961038961038961,0.0,0.0,0.7837837837837838
222,boruta_selector,0.09722222222222222,0.1111111111111111,0.013888888888888888,0.14285714285714285,0.25
222,univariate_feature_selection,0.9861111111111112,1.2083333333333333,0.2222222222222222,0.22535211267605634,0.9770114942528736
222,lasso_feature_selection,0.027777777777777776,0.041666666666666664,0.013888888888888888,0.5,0.0
222,adaptive_lasso_tuned,0.9583333333333334,0.9583333333333334,0.0,0.0,0.8840579710144928
223,boruta_selector,0.136986301369863,0.136986301369863,0.0,0.0,0.3
223,univariate_feature_selection,0.9863013698630136,1.1917808219178083,0.2054794520547945,0.20833333333333334,0.9195402298850575
223,lasso_feature_selection,0.0273972602739726,0.0410958904109589,0.0136986301369863,0.5,0.0
223,adaptive_lasso_tuned,0.8493150684931506,0.8493150684931506,0.0,0.0,0.7580645161290323
224,boruta_selector,0.11842105263157894,0.13157894736842105,0.013157894736842105,0.1111111111111111,0.3
224,univariate_feature_selection,0.9868421052631579,1.144736842105263,0.15789473684210525,0.16,0.8850574712643678
224,lasso_feature_selection,0.02631578947368421,0.05263157894736842,0.02631578947368421,1.0,0.25
224,adaptive_lasso_tuned,0.9736842105263158,0.9736842105263158,0.0,0.0,0.8783783783783784
225,boruta_selector,0.10126582278481013,0.10126582278481013,0.0,0.0,0.25
225,univariate_feature_selection,0.9873417721518988,1.1012658227848102,0.11392405063291139,0.11538461538461539,0.9540229885057471
225,lasso_feature_selection,0.02531645569620253,0.0379746835443038,0.012658227848101266,0.5,0.0
225,adaptive_lasso_tuned,1.0,1.0,0.0,0.0,0.8987341772151899
226,boruta_selector,0.16216216216216217,0.16216216216216217,0.0,0.0,0.4166666666666667
226,univariate_feature_selection,0.9864864864864865,1.1756756756756757,0.1891891891891892,0.1917808219178082,0.896551724137931
226,lasso_feature_selection,0.02702702702702703,0.04054054054054054,0.013513513513513514,0.5,0.0
226,adaptive_lasso_tuned,0.9324324324324325,0.9324324324324325,0.0,0.0,0.8405797101449275
227,boruta_selector,0.10666666666666667,0.10666666666666667,0.0,0.0,0.375
227,univariate_feature_selection,0.9866666666666667,1.16,0.17333333333333334,0.17567567567567569,0.9425287356321839
227,lasso_feature_selection,0.02666666666666667,0.04,0.013333333333333334,0.5,0.0
227,adaptive_lasso_tuned,0.9333333333333333,0.9333333333333333,0.0,0.0,0.7857142857142857
228,boruta_selector,0.1038961038961039,0.11688311688311688,0.012987012987012988,0.125,0.3333333333333333
228,univariate_feature_selection,0.987012987012987,1.12987012987013,0.14285714285714285,0.14473684210526316,0.896551724137931
228,lasso_feature_selection,0.025974025974025976,0.03896103896103896,0.012987012987012988,0.5,0.0
228,adaptive_lasso_tuned,0.948051948051948,0.948051948051948,0.0,0.0,0.8904109589041096
229,boruta_selector,0.11538461538461539,0.1282051282051282,0.01282051282051282,0.1111111111111111,0.3
229,univariate_feature_selection,0.9871794871794872,1.1153846153846154,0.1282051282051282,0.12987012987012986,0.7011494252873564
229,lasso_feature_selection,0.02564102564102564,0.038461538461538464,0.01282051282051282,0.5,0.0
229,adaptive_lasso_tuned,0.9871794871794872,0.9871794871794872,0.0,0.0,0.8961038961038961
230,boruta_selector,0.12987012987012986,0.15584415584415584,0.025974025974025976,0.2,0.3333333333333333
230,univariate_feature_selection,0.8831168831168831,1.0129870129870129,0.12987012987012986,0.14705882352941177,0.7564102564102564
230,lasso_feature_selection,0.025974025974025976,0.03896103896103896,0.012987012987012988,0.5,0.0
230,adaptive_lasso_tuned,0.961038961038961,0.961038961038961,0.0,0.0,0.8918918918918919
231,boruta_selector,0.11842105263157894,0.13157894736842105,0.013157894736842105,0.1111111111111111,0.5
231,univariate_feature_selection,0.9736842105263158,1.131578947368421,0.15789473684210525,0.16216216216216217,0.7325581395348837
231,lasso_feature_selection,0.02631578947368421,0.039473684210526314,0.013157894736842105,0.5,0.0
231,adaptive_lasso_tuned,0.9342105263157895,0.9342105263157895,0.0,0.0,0.8732394366197183
232,boruta_selector,0.11392405063291139,0.12658227848101267,0.012658227848101266,0.1111111111111111,0.2
232,univariate_feature_selection,0.9873417721518988,1.1012658227848102,0.11392405063291139,0.11538461538461539,0.9540229885057471
232,lasso_feature_selection,0.02531645569620253,0.0379746835443038,0.012658227848101266,0.5,0.0
232,adaptive_lasso_tuned,0.9620253164556962,0.9620253164556962,0.0,0.0,0.881578947368421
233,boruta_selector,0.15384615384615385,0.16666666666666666,0.01282051282051282,0.08333333333333333,0.38461538461538464
233,univariate_feature_selection,0.9871794871794872,1.1153846153846154,0.1282051282051282,0.12987012987012986,0.8160919540229885
233,lasso_feature_selection,0.02564102564102564,0.038461538461538464,0.01282051282051282,0.5,0.0
233,adaptive_lasso_tuned,0.9487179487179487,0.9487179487179487,0.0,0.0,0.8783783783783784
234,boruta_selector,0.12,0.12,0.0,0.0,0.5555555555555556
234,univariate_feature_selection,0.9866666666666667,1.16,0.17333333333333334,0.17567567567567569,0.9540229885057471
234,lasso_feature_selection,0.02666666666666667,0.05333333333333334,0.02666666666666667,1.0,0.25
234,adaptive_lasso_tuned,0.96,0.9733333333333334,0.013333333333333334,0.013888888888888888,0.8767123287671232
235,boruta_selector,0.0945945945945946,0.12162162162162163,0.02702702702702703,0.2857142857142857,0.5555555555555556
235,univariate_feature_selection,0.9864864864864865,1.1756756756756757,0.1891891891891892,0.1917808219178082,0.9080459770114943
235,lasso_feature_selection,0.02702702702702703,0.04054054054054054,0.013513513513513514,0.5,0.0
235,adaptive_lasso_tuned,0.9324324324324325,0.9324324324324325,0.0,0.0,0.8260869565217391
236,boruta_selector,0.1643835616438356,0.1643835616438356,0.0,0.0,0.25
236,univariate_feature_selection,0.9863013698630136,1.1917808219178083,0.2054794520547945,0.20833333333333334,0.9540229885057471
236,lasso_feature_selection,0.0273972602739726,0.0410958904109589,0.0136986301369863,0.5,0.0
236,adaptive_lasso_tuned,0.863013698630137,0.863013698630137,0.0,0.0,0.9047619047619048
237,boruta_selector,0.07792207792207792,0.07792207792207792,0.0,0.0,0.5
237,univariate_feature_selection,0.987012987012987,1.1168831168831168,0.12987012987012986,0.13157894736842105,0.8604651162790697
237,lasso_feature_selection,0.025974025974025976,0.03896103896103896,0.012987012987012988,0.5,0.0
237,adaptive_lasso_tuned,0.987012987012987,0.987012987012987,0.0,0.0,0.8947368421052632
238,boruta_selector,0.14864864864864866,0.16216216216216217,0.013513513513513514,0.09090909090909091,0.25
238,univariate_feature_selection,0.9864864864864865,1.1756756756756757,0.1891891891891892,0.1917808219178082,0.9080459770114943
238,lasso_feature_selection,0.02702702702702703,0.04054054054054054,0.013513513513513514,0.5,0.0
238,adaptive_lasso_tuned,0.9594594594594594,0.972972972972973,0.013513513513513514,0.014084507042253521,0.8611111111111112
239,boruta_selector,0.17105263157894737,0.17105263157894737,0.0,0.0,0.5384615384615384
239,univariate_feature_selection,0.9868421052631579,1.144736842105263,0.15789473684210525,0.16,0.9655172413793104
239,lasso_feature_selection,0.02631578947368421,0.039473684210526314,0.013157894736842105,0.5,0.0
239,adaptive_lasso_tuned,0.9605263157894737,0.9605263157894737,0.0,0.0,0.8904109589041096
240,boruta_selector,0.09210526315789473,0.09210526315789473,0.0,0.0,0.2857142857142857
240,univariate_feature_selection,0.9736842105263158,1.131578947368421,0.15789473684210525,0.16216216216216217,0.7325581395348837
240,lasso_feature_selection,0.02631578947368421,0.039473684210526314,0.013157894736842105,0.5,0.3333333333333333
240,adaptive_lasso_tuned,0.9605263157894737,0.9605263157894737,0.0,0.0,0.821917808219178
241,boruta_selector,0.0958904109589041,0.0958904109589041,0.0,0.0,0.2857142857142857
241,univariate_feature_selection,0.9863013698630136,1.1917808219178083,0.2054794520547945,0.20833333333333334,0.9425287356321839
241,lasso_feature_selection,0.0273972602739726,0.0410958904109589,0.0136986301369863,0.5,0.0
241,adaptive_lasso_tuned,0.9315068493150684,0.9315068493150684,0.0,0.0,0.8676470588235294
242,boruta_selector,0.09722222222222222,0.09722222222222222,0.0,0.0,0.42857142857142855
242,univariate_feature_selection,0.9861111111111112,1.2083333333333333,0.2222222222222222,0.22535211267605634,0.7126436781609196
242,lasso_feature_selection,0.027777777777777776,0.041666666666666664,0.013888888888888888,0.5,0.0
242,adaptive_lasso_tuned,0.9722222222222222,0.9722222222222222,0.0,0.0,0.8857142857142857
243,boruta_selector,0.10526315789473684,0.10526315789473684,0.0,0.0,0.375
243,univariate_feature_selection,0.9868421052631579,1.144736842105263,0.15789473684210525,0.16,0.6666666666666666
243,lasso_feature_selection,0.02631578947368421,0.039473684210526314,0.013157894736842105,0.5,0.0
243,adaptive_lasso_tuned,0.9473684210526315,0.9473684210526315,0.0,0.0,0.7083333333333334
244,boruta_selector,0.15384615384615385,0.15384615384615385,0.0,0.0,0.25
244,univariate_feature_selection,0.9871794871794872,1.1153846153846154,0.1282051282051282,0.12987012987012986,0.8390804597701149
244,lasso_feature_selection,0.02564102564102564,0.038461538461538464,0.01282051282051282,0.5,0.0
244,adaptive_lasso_tuned,0.9743589743589743,0.9871794871794872,0.01282051282051282,0.013157894736842105,0.9090909090909091
245,boruta_selector,0.10666666666666667,0.12,0.013333333333333334,0.125,0.3333333333333333
245,univariate_feature_selection,0.9866666666666667,1.16,0.17333333333333334,0.17567567567567569,0.9195402298850575
245,lasso_feature_selection,0.02666666666666667,0.04,0.013333333333333334,0.5,0.0
245,adaptive_lasso_tuned,0.92,0.92,0.0,0.0,0.7536231884057971
246,boruta_selector,0.1282051282051282,0.1282051282051282,0.0,0.0,0.3
246,univariate_feature_selection,0.9871794871794872,1.1153846153846154,0.1282051282051282,0.12987012987012986,0.896551724137931
246,lasso_feature_selection,0.02564102564102564,0.038461538461538464,0.01282051282051282,0.5,0.0
246,adaptive_lasso_tuned,0.9871794871794872,1.0,0.01282051282051282,0.012987012987012988,0.8974358974358975
247,boruta_selector,0.16883116883116883,0.19480519480519481,0.025974025974025976,0.15384615384615385,0.5333333333333333
247,univariate_feature_selection,1.0,1.12987012987013,0.12987012987012986,0.12987012987012986,0.9425287356321839
247,lasso_feature_selection,0.025974025974025976,0.03896103896103896,0.012987012987012988,0.5,0.0
247,adaptive_lasso_tuned,0.961038961038961,0.961038961038961,0.0,0.0,0.7027027027027027
248,boruta_selector,0.08108108108108109,0.0945945945945946,0.013513513513513514,0.16666666666666666,0.2857142857142857
248,univariate_feature_selection,0.9864864864864865,1.1756756756756757,0.1891891891891892,0.1917808219178082,0.8850574712643678
248,lasso_feature_selection,0.02702702702702703,0.04054054054054054,0.013513513513513514,0.5,0.0
248,adaptive_lasso_tuned,0.972972972972973,1.0,0.02702702702702703,0.027777777777777776,0.8108108108108109
249,boruta_selector,0.16,0.18666666666666668,0.02666666666666667,0.16666666666666666,0.2857142857142857
249,univariate_feature_selection,0.9866666666666667,1.16,0.17333333333333334,0.17567567567567569,0.8850574712643678
249,lasso_feature_selection,0.02666666666666667,0.05333333333333334,0.02666666666666667,1.0,0.25
249,adaptive_lasso_tuned,0.9866666666666667,0.9866666666666667,0.0,0.0,0.8918918918918919
